Year, Month,  Highest, MHHW, MHW, MSL, MTL, MLW, MLLW, DTL, GT, MN, DHQ, DLQ, HWI, LWI, Lowest, Inferred 
1921,10,1.992,,1.571,0.824,0.788,0.004,,,,1.567,,,0.840,6.910,-0.325,0
1921,11,1.931,,1.467,0.730,0.690,-0.087,,,,1.554,,,0.690,6.840,-0.691,0
1921,12,1.900,,1.431,0.684,0.651,-0.133,,,,1.564,,,0.630,6.740,-0.508,0
1922,1,1.717,,1.309,0.559,0.523,-0.261,,,,1.570,,,0.660,6.780,-0.873,0
1922,2,1.870,,1.403,0.644,0.605,-0.194,,,,1.597,,,0.620,6.670,-0.691,0
1922,3,1.839,,1.391,0.629,0.599,-0.197,,,,1.588,,,0.590,6.710,-0.630,0
1922,4,1.748,,1.385,0.623,0.580,-0.221,,,,1.606,,,0.570,6.650,-0.721,0
1922,5,2.022,,1.486,0.705,0.669,-0.151,,,,1.637,,,0.540,6.700,-0.477,0
1922,6,1.778,,1.455,0.684,0.635,-0.182,,,,1.637,,,0.590,6.750,-0.447,0
1922,7,1.748,,1.413,0.629,0.587,-0.239,,,,1.652,,,0.590,6.700,-0.538,0
1922,8,1.931,,1.446,0.669,0.626,-0.191,,,,1.637,,,0.610,6.750,-0.477,0
1922,9,2.144,,1.598,0.855,0.818,0.038,,,,1.561,,,0.650,6.830,-0.203,0
1922,10,2.053,,1.534,0.788,0.748,-0.038,,,,1.573,,,0.700,6.840,-0.294,0
1922,11,1.900,,1.461,0.715,0.678,-0.105,,,,1.567,,,0.660,6.810,-0.477,0
1922,12,1.717,,1.315,0.580,0.541,-0.230,,,,1.545,,,0.570,6.740,-0.630,0
1923,1,1.778,,1.358,0.596,0.559,-0.227,,,,1.585,,,0.400,6.490,-0.721,0
1923,2,1.687,,1.376,0.623,0.583,-0.209,,,,1.585,,,0.470,6.600,-0.599,0
1923,3,1.839,,1.324,0.550,0.516,-0.291,,,,1.615,,,0.470,6.620,-0.691,0
1923,4,1.900,,1.431,0.654,0.617,-0.194,,,,1.625,,,0.590,6.660,-0.508,0
1923,5,1.992,,1.504,0.739,0.702,-0.099,,,,1.603,,,0.480,6.610,-0.508,0
1923,6,1.839,,1.416,0.651,0.611,-0.194,,,,1.609,,,0.690,6.850,-0.569,0
1923,7,1.778,,1.385,0.614,0.580,-0.224,,,,1.609,,,0.410,6.600,-0.508,0
1923,8,1.626,,1.355,0.574,0.532,-0.288,,,,1.643,,,0.490,6.830,-0.599,0
1923,9,1.809,,1.470,0.708,0.675,-0.121,,,,1.591,,,0.570,6.810,-0.416,0
1923,10,1.870,,1.559,0.809,0.766,-0.026,,,,1.585,,,0.670,6.870,-0.416,0
1923,11,1.961,,1.498,0.748,0.715,-0.072,,,,1.570,,,0.610,6.760,-0.569,0
1923,12,1.778,,1.345,0.571,0.535,-0.279,,,,1.625,,,0.510,6.750,-0.873,0
1924,1,1.687,,1.321,0.516,0.504,-0.307,,,,1.628,,,0.570,6.690,-0.813,0
1924,2,1.931,,1.394,0.635,0.599,-0.200,,,,1.594,,,0.480,6.620,-0.843,0
1924,3,1.931,,1.394,0.611,0.574,-0.246,,,,1.640,,,0.420,6.670,-0.752,0
1924,4,1.717,,1.336,0.617,0.587,-0.163,,,,1.500,,,0.580,7.410,-0.538,0
1924,5,1.809,,1.367,0.608,0.608,-0.154,,,,1.521,,,0.610,7.220,-0.569,0
1924,6,1.961,,1.391,0.626,0.590,-0.209,,,,1.600,,,0.620,6.650,-0.569,0
1924,7,1.870,,1.440,0.678,0.635,-0.169,,,,1.609,,,0.520,6.700,-0.599,0
1924,8,1.900,,1.477,0.724,0.678,-0.121,,,,1.597,,,0.890,6.750,-0.508,0
1924,9,1.900,,1.601,0.867,0.824,0.050,,,,1.551,,,0.740,6.820,-0.325,0
1924,10,1.992,,1.611,0.873,0.830,0.050,,,,1.561,,,0.810,6.840,-0.325,0
1924,11,1.870,,1.495,0.736,0.702,-0.093,,,,1.588,,,0.660,6.720,-0.752,0
1924,12,1.870,,1.385,0.611,0.580,-0.227,,,,1.612,,,0.670,6.640,-0.721,0
1925,1,1.931,,1.449,0.696,0.654,-0.139,,,,1.588,,,0.640,6.680,-0.508,0
1925,2,1.809,,1.431,0.663,0.623,-0.185,,,,1.615,,,0.600,6.590,-0.599,0
1925,3,1.778,,1.385,0.644,0.617,-0.154,,,,1.539,,,0.610,6.610,-0.477,0
1925,4,1.778,,1.434,0.696,0.666,-0.105,,,,1.539,,,0.890,6.610,-0.416,0
1925,5,1.839,,1.434,0.699,0.666,-0.105,,,,1.539,,,0.580,6.550,-0.416,0
1925,6,1.839,,1.443,0.690,0.654,-0.136,,,,1.579,,,0.680,6.620,-0.508,0
1925,7,1.870,,1.455,0.693,0.647,-0.160,,,,1.615,,,0.590,6.610,-0.599,0
1925,8,1.931,,1.559,0.803,0.760,-0.038,,,,1.597,,,0.560,6.780,-0.508,0
1925,9,1.931,,1.537,0.788,0.745,-0.047,,,,1.585,,,0.600,6.710,-0.447,0
1925,10,1.931,,1.434,0.687,0.651,-0.133,,,,1.567,,,0.640,6.760,-0.416,0
1925,11,1.900,,1.480,0.739,0.699,-0.078,,,,1.558,,,0.660,6.740,-0.721,0
1925,12,1.961,,1.306,0.556,0.526,-0.255,,,,1.561,,,0.520,6.620,-0.691,0
1926,1,1.687,,1.242,0.489,0.455,-0.328,,,,1.570,,,0.480,6.550,-0.752,0
1926,2,1.748,,1.233,0.471,0.437,-0.355,,,,1.588,,,0.510,6.520,-0.691,0
1926,3,1.809,,1.272,0.510,0.477,-0.316,,,,1.588,,,0.490,6.550,-0.782,0
1926,4,1.931,,1.339,0.580,0.547,-0.249,,,,1.588,,,0.470,6.520,-0.660,0
1926,5,1.992,,1.406,0.647,0.617,-0.172,,,,1.579,,,0.460,6.520,-0.508,0
1926,6,1.961,,1.440,0.681,0.641,-0.157,,,,1.597,,,0.480,6.590,-0.477,0
1926,7,2.235,,1.419,0.647,0.608,-0.200,,,,1.618,,,0.440,6.620,-0.599,0
1926,8,2.266,,1.473,0.699,0.666,-0.142,,,,1.615,,,0.450,6.670,-0.325,0
1926,9,2.083,,1.571,0.843,0.809,0.047,,,,1.524,,,0.550,6.730,-0.233,0
1926,10,2.022,,1.470,0.757,0.718,-0.038,,,,1.509,,,0.490,6.670,-0.660,0
1926,11,1.809,,1.352,0.626,0.596,-0.163,,,,1.515,,,0.520,6.680,-0.599,0
1926,12,1.717,,1.330,0.605,0.571,-0.191,,,,1.521,,,0.520,6.640,-0.477,0
1927,1,1.656,,1.285,0.529,0.504,-0.279,,,,1.564,,,0.530,6.670,-0.660,0
1927,2,1.595,,1.306,0.550,0.523,-0.264,,,,1.570,,,0.390,6.490,-0.721,0
1927,3,1.900,,1.400,0.644,0.608,-0.182,,,,1.582,,,0.510,6.570,-0.599,0
1927,4,1.870,,1.428,0.672,0.632,-0.166,,,,1.594,,,0.480,6.570,-0.630,0
1927,5,1.992,,1.400,0.632,0.593,-0.215,,,,1.615,,,0.520,6.640,-0.538,0
1927,6,1.900,,1.446,0.699,0.663,-0.121,,,,1.567,,,0.490,6.580,-0.508,0
1927,7,1.778,,1.355,0.611,0.574,-0.206,,,,1.561,,,0.480,6.580,-0.477,0
1927,8,1.931,,1.434,0.684,0.657,-0.124,,,,1.558,,,0.470,6.670,-0.508,0
1927,9,1.839,,1.443,0.715,0.675,-0.093,,,,1.536,,,0.510,6.620,-0.477,0
1927,10,1.992,,1.452,0.733,0.705,-0.044,,,,1.497,,,0.540,6.660,-0.508,0
1927,11,1.778,,1.403,0.672,0.638,-0.124,,,,1.527,,,0.570,6.680,-0.538,0
1927,12,1.931,,1.406,0.663,0.626,-0.154,,,,1.561,,,0.550,6.660,-0.813,0
1928,1,1.595,,1.181,0.428,0.394,-0.395,,,,1.576,,,0.480,6.540,-0.782,0
1928,2,1.687,,1.297,0.541,0.510,-0.273,,,,1.570,,,0.460,6.590,-0.965,0
1928,3,1.687,,1.352,0.596,0.562,-0.227,,,,1.579,,,0.420,6.460,-0.691,0
1928,4,1.748,,1.349,0.596,0.571,-0.209,,,,1.558,,,0.370,6.570,-0.569,0
1928,5,1.839,,1.455,0.718,0.681,-0.093,,,,1.548,,,0.580,6.760,-0.691,0
1928,6,2.022,,1.352,0.611,0.571,-0.212,,,,1.564,,,0.490,6.660,-0.508,0
1928,7,1.717,,1.382,0.638,0.608,-0.163,,,,1.545,,,0.520,6.650,-0.630,0
1928,8,1.839,,1.446,0.708,0.669,-0.111,,,,1.558,,,0.450,6.590,-0.508,0
1928,9,2.327,,1.522,0.779,0.742,-0.041,,,,1.564,,,0.560,6.680,-0.477,0
1928,10,2.083,,1.559,0.821,0.785,0.007,,,,1.551,,,0.590,6.690,-0.477,0
1928,11,1.931,,1.458,0.721,0.681,-0.099,,,,1.558,,,0.660,6.600,-0.538,0
1928,12,1.992,,1.477,0.727,0.693,-0.093,,,,1.570,,,0.560,6.680,-0.569,0
1929,1,1.778,,1.260,0.516,0.489,-0.282,,,,1.542,,,0.480,6.640,-0.691,0
1929,2,1.778,,1.416,0.684,0.644,-0.124,,,,1.539,,,0.520,6.660,-0.477,0
1929,3,1.687,,1.300,0.565,0.532,-0.236,,,,1.536,,,0.460,6.560,-0.782,0
1929,4,1.839,,1.358,0.638,0.596,-0.163,,,,1.521,,,0.420,6.490,-0.538,0
1929,5,1.961,,1.345,0.611,0.577,-0.191,,,,1.536,,,0.350,6.540,-0.660,0
1929,6,2.053,,1.513,0.775,0.736,-0.044,,,,1.558,,,0.420,6.620,-0.386,0
1929,7,1.900,,1.409,0.666,0.620,-0.166,,,,1.576,,,0.390,6.580,-0.630,0
1929,8,1.992,,1.422,0.681,0.632,-0.154,,,,1.576,,,0.410,6.540,-0.599,0
1929,9,1.900,,1.525,0.800,0.760,-0.005,,,,1.530,,,0.470,6.690,-0.447,0
1929,10,1.992,,1.467,0.736,0.699,-0.072,,,,1.539,,,0.600,6.740,-0.508,0
1929,11,1.809,,1.452,0.724,0.687,-0.078,,,,1.530,,,0.630,6.710,-0.630,0
1929,12,1.992,,1.294,0.562,0.532,-0.230,,,,1.524,,,0.460,6.630,-0.782,0
1930,1,1.992,,1.449,0.715,0.687,-0.078,,,,1.527,,,0.550,6.640,-0.477,0
1930,2,1.992,,1.400,0.666,0.632,-0.139,,,,1.539,,,0.340,6.520,-0.721,0
1930,3,1.717,,1.300,0.559,0.523,-0.255,,,,1.554,,,0.340,6.500,-0.630,0
1930,4,1.687,,1.400,0.663,0.620,-0.157,,,,1.558,,,0.410,6.440,-0.599,0
1930,5,1.839,,1.330,0.587,0.547,-0.239,,,,1.570,,,0.340,6.430,-0.599,0
1930,6,1.809,,1.394,0.647,0.608,-0.179,,,,1.573,,,0.460,6.570,-0.630,0
1930,7,1.809,,1.358,0.587,0.550,-0.258,,,,1.615,,,0.430,6.500,-0.630,0
1930,8,2.022,,1.409,0.675,0.638,-0.133,,,,1.542,,,0.510,6.650,-0.416,0
1930,9,1.778,,1.361,0.641,0.602,-0.154,,,,1.515,,,0.460,6.530,-0.569,0
1930,10,1.870,,1.498,0.803,0.766,0.035,,,,1.463,,,0.530,6.660,-0.355,0
1930,11,1.900,,1.376,0.666,0.632,-0.111,,,,1.487,,,0.570,6.680,-0.447,0
1930,12,1.870,,1.330,0.617,0.587,-0.157,,,,1.487,,,0.490,6.630,-0.416,0
1931,1,1.809,,1.254,0.526,0.492,-0.270,,,,1.524,,,0.440,6.490,-0.569,0
1931,2,1.961,,1.376,0.654,0.614,-0.145,,,,1.521,,,0.500,6.490,-0.508,0
1931,3,2.022,,1.440,0.708,0.669,-0.102,,,,1.542,,,0.420,6.480,-0.630,0
1931,4,1.839,,1.312,0.565,0.532,-0.249,,,,1.561,,,0.420,6.510,-0.599,0
1931,5,1.839,,1.312,0.553,0.516,-0.276,,,,1.588,,,0.480,6.540,-0.569,0
1931,6,1.717,,1.333,0.596,0.565,-0.200,,,,1.533,,,0.410,6.560,-0.477,0
1931,7,1.687,,1.336,0.602,0.565,-0.203,,,,1.539,,,0.370,6.510,-0.508,0
1931,8,1.656,,1.285,0.547,0.516,-0.255,,,,1.539,,,0.430,6.530,-0.599,0
1931,9,1.778,,1.403,0.687,0.651,-0.102,,,,1.506,,,0.410,6.640,-0.477,0
1931,10,2.022,,1.452,0.757,0.718,-0.020,,,,1.472,,,0.460,6.620,-0.355,0
1931,11,1.809,,1.358,0.638,0.602,-0.157,,,,1.515,,,0.540,6.640,-0.538,0
1931,12,2.022,,1.379,0.651,0.614,-0.148,,,,1.527,,,0.470,6.580,-0.569,0
1932,1,1.839,,1.333,0.590,0.559,-0.215,,,,1.548,,,0.480,6.610,-0.599,0
1932,2,1.809,,1.355,0.623,0.590,-0.179,,,,1.533,,,0.370,6.560,-0.691,0
1932,3,1.809,,1.272,0.535,0.507,-0.258,,,,1.530,,,0.310,6.440,-0.691,0
1932,4,1.931,,1.303,0.577,0.541,-0.218,,,,1.521,,,0.330,6.470,-0.508,0
1932,5,2.053,,1.370,0.647,0.614,-0.142,,,,1.512,,,0.420,6.510,-0.416,0
1932,6,1.900,,1.397,0.675,0.638,-0.124,,,,1.521,,,0.420,6.590,-0.477,0
1932,7,1.778,,1.309,0.577,0.535,-0.239,,,,1.548,,,0.380,6.480,-0.508,0
1932,8,1.748,,1.428,0.693,0.657,-0.118,,,,1.545,,,0.360,6.510,-0.416,0
1932,9,1.900,,1.586,0.876,0.836,0.087,,,,1.500,,,0.460,6.640,-0.355,0
1932,10,1.961,,1.489,0.763,0.724,-0.041,,,,1.530,,,0.430,6.660,-0.538,0
1932,11,2.266,,1.522,0.806,0.763,0.004,,,,1.518,,,0.620,6.710,-0.386,0
1932,12,1.931,,1.449,0.718,0.678,-0.093,,,,1.542,,,0.420,6.580,-0.569,0
1933,1,2.053,,1.413,0.687,0.657,-0.102,,,,1.515,,,0.490,6.640,-0.782,0
1933,2,1.626,,1.345,0.620,0.587,-0.172,,,,1.518,,,0.390,6.600,-0.691,0
1933,3,1.626,,1.333,0.614,0.577,-0.179,,,,1.512,,,0.300,6.510,-0.660,0
1933,4,1.961,,1.461,0.745,0.718,-0.029,,,,1.490,,,0.310,6.560,-0.416,0
1933,5,1.931,,1.391,0.678,0.638,-0.111,,,,1.503,,,0.290,6.520,-0.508,0
1933,6,1.961,,1.455,0.730,0.687,-0.078,,,,1.533,,,0.440,6.560,-0.416,0
1933,7,2.022,,1.428,0.705,0.663,-0.099,,,,1.527,,,0.400,6.650,-0.416,0
1933,8,2.083,,1.516,0.791,0.751,-0.014,,,,1.530,,,0.510,6.670,-0.599,0
1933,9,1.992,,1.519,0.797,0.754,-0.014,,,,1.533,,,0.500,6.620,-0.355,0
1933,10,1.961,,1.617,0.904,0.870,0.126,,,,1.490,,,0.600,6.580,-0.233,0
1933,11,1.931,,1.452,0.730,0.699,-0.057,,,,1.509,,,0.510,6.630,-0.660,0
1933,12,1.778,,1.327,0.614,0.577,-0.172,,,,1.500,,,0.480,6.640,-0.569,0
1934,1,1.748,,1.278,0.565,0.532,-0.215,,,,1.494,,,0.340,6.550,-0.721,0
1934,2,1.687,,1.309,0.587,0.553,-0.206,,,,1.515,,,0.430,6.590,-0.660,0
1934,3,1.687,,1.306,0.568,0.538,-0.230,,,,1.536,,,0.340,6.560,-0.691,0
1934,4,1.778,,1.361,0.632,0.593,-0.175,,,,1.536,,,0.410,6.640,-0.447,0
1934,5,2.632,,1.428,0.690,0.654,-0.121,,,,1.548,,,0.520,6.590,-0.416,0
1934,6,1.778,,1.349,0.605,0.562,-0.224,,,,1.573,,,0.400,6.500,-0.599,0
1934,7,1.931,,1.367,0.605,0.571,-0.227,,,,1.594,,,0.450,6.590,-0.660,0
1934,8,1.748,,1.336,0.596,0.559,-0.215,,,,1.551,,,0.410,6.520,-0.630,0
1934,9,1.809,,1.473,0.757,0.721,-0.032,,,,1.506,,,0.530,6.620,-0.386,0
1934,10,1.931,,1.577,0.888,0.855,0.132,,,,1.445,,,0.600,6.740,-0.233,0
1934,11,1.748,,1.431,0.705,0.681,-0.066,,,,1.497,,,0.590,6.770,-0.538,0
1934,12,1.870,,1.373,0.651,0.620,-0.136,,,,1.509,,,0.640,6.760,-0.630,0
1935,1,1.992,,1.443,0.721,0.681,-0.078,,,,1.521,,,0.540,6.690,-0.386,0
1935,2,1.900,,1.361,0.614,0.583,-0.194,,,,1.554,,,0.400,6.550,-0.630,0
1935,3,1.687,,1.361,0.617,0.577,-0.206,,,,1.567,,,0.420,6.580,-0.630,0
1935,4,1.961,,1.461,0.711,0.672,-0.118,,,,1.579,,,0.500,6.580,-0.508,0
1935,5,1.809,,1.449,0.696,0.657,-0.136,,,,1.585,,,0.500,6.620,-0.508,0
1935,6,1.778,,1.428,0.687,0.651,-0.130,,,,1.558,,,0.490,6.580,-0.508,0
1935,7,1.809,,1.379,0.629,0.596,-0.188,,,,1.567,,,0.450,6.650,-0.599,0
1935,8,1.839,,1.446,0.702,0.669,-0.111,,,,1.558,,,0.420,6.540,-0.538,0
1935,9,1.931,,1.528,0.800,0.760,-0.011,,,,1.539,,,0.620,6.630,-0.508,0
1935,10,2.022,,1.559,0.830,0.794,0.029,,,,1.530,,,0.670,6.750,-0.325,0
1935,11,2.053,,1.620,0.876,0.849,0.077,,,,1.542,,,0.600,6.770,-0.325,0
1935,12,1.931,,1.403,0.638,0.602,-0.203,,,,1.606,,,0.460,6.740,-0.721,0
1936,1,1.687,,1.318,0.559,0.529,-0.264,,,,1.582,,,0.490,6.670,-0.691,0
1936,2,1.839,,1.397,0.638,0.605,-0.188,,,,1.585,,,0.360,6.630,-0.752,0
1936,3,1.717,,1.330,0.574,0.538,-0.255,,,,1.585,,,0.340,6.550,-0.904,0
1936,4,1.900,,1.409,0.657,0.620,-0.169,,,,1.579,,,0.400,6.640,-0.721,0
1936,5,2.022,,1.507,0.763,0.727,-0.054,,,,1.561,,,0.470,6.740,-0.538,0
1936,6,2.022,,1.537,0.797,0.754,-0.029,,,,1.567,,,0.490,6.700,-0.416,0
1936,7,1.839,,1.385,0.638,0.599,-0.188,,,,1.573,,,0.480,6.680,-0.508,0
1936,8,1.717,,1.477,0.721,0.681,-0.118,,,,1.594,,,0.450,6.630,-0.477,0
1936,9,1.839,,1.589,0.846,0.806,0.023,,,,1.567,,,0.560,6.740,-0.447,0
1936,10,2.053,,1.632,0.885,0.846,0.062,,,,1.570,,,0.670,6.790,-0.325,0
1936,11,1.992,,1.446,0.687,0.651,-0.142,,,,1.588,,,0.650,6.820,-0.843,0
1936,12,1.961,,1.507,0.754,0.718,-0.072,,,,1.579,,,0.680,6.860,-0.508,0
1937,1,1.839,,1.428,0.693,0.663,-0.102,,,,1.530,,,0.680,6.870,-0.477,0
1937,2,1.839,,1.486,0.736,0.705,-0.078,,,,1.564,,,0.610,6.850,-0.752,0
1937,3,1.839,,1.409,0.660,0.632,-0.148,,,,1.558,,,0.510,6.670,-0.477,0
1937,4,1.839,,1.431,0.681,0.638,-0.151,,,,1.582,,,0.420,6.650,-0.721,0
1937,5,2.083,,1.507,0.754,0.718,-0.075,,,,1.582,,,0.420,6.610,-0.447,0
1937,6,2.053,,1.464,0.693,0.651,-0.160,,,,1.625,,,0.510,6.680,-0.508,0
1937,7,1.900,,1.422,0.644,0.608,-0.212,,,,1.634,,,0.450,6.680,-0.569,0
1937,8,1.900,,1.498,0.736,0.696,-0.105,,,,1.603,,,0.530,6.690,-0.416,0
1937,9,1.931,,1.614,0.870,0.827,0.041,,,,1.573,,,0.700,6.850,-0.294,0
1937,10,1.961,,1.598,0.855,0.815,0.032,,,,1.567,,,0.760,6.880,-0.447,0
1937,11,1.961,,1.480,0.727,0.696,-0.087,,,,1.567,,,0.660,6.830,-0.447,0
1937,12,1.809,,1.413,0.660,0.620,-0.169,,,,1.582,,,0.640,6.790,-0.691,0
1938,1,1.900,,1.388,0.626,0.590,-0.209,,,,1.597,,,0.640,6.770,-0.752,0
1938,2,1.778,,1.406,0.654,0.617,-0.172,,,,1.579,,,0.660,6.740,-0.691,0
1938,3,1.656,,1.391,0.647,0.602,-0.188,,,,1.579,,,0.680,6.830,-0.508,0
1938,4,1.687,,1.352,0.587,0.547,-0.261,,,,1.612,,,0.610,6.610,-0.660,0
1938,5,2.144,,1.501,0.705,0.669,-0.163,,,,1.664,,,0.540,6.680,-0.447,0
1938,6,2.053,,1.480,0.708,0.669,-0.145,,,,1.625,,,0.530,6.670,-0.599,0
1938,7,1.839,,1.443,0.669,0.626,-0.188,,,,1.631,,,0.530,6.710,-0.630,0
1938,8,1.900,,1.434,0.654,0.620,-0.191,,,,1.625,,,0.510,6.720,-0.508,0
1938,9,,,1.547,0.791,0.754,-0.038,,,,1.585,,,0.650,6.850,,0
1938,10,1.931,,1.644,0.925,0.891,0.135,,,,1.509,,,0.640,6.830,-0.172,0
1938,11,2.083,,1.605,0.864,0.824,0.047,,,,1.558,,,0.670,6.820,-0.508,0
1938,12,2.022,,1.461,0.715,0.672,-0.121,,,,1.582,,,0.570,6.960,-0.873,0
1939,1,1.839,,1.382,0.608,0.577,-0.224,,,,1.606,,,0.510,6.680,-0.599,0
1939,2,1.900,,1.370,0.577,0.547,-0.273,,,,1.643,,,0.470,6.680,-0.721,0
1939,3,1.870,,1.434,0.657,0.614,-0.209,,,,1.643,,,0.500,6.640,-0.782,0
1939,4,1.839,,1.419,0.626,0.587,-0.246,,,,1.664,,,0.570,6.630,-0.508,0
1939,5,1.870,,1.519,0.742,0.699,-0.124,,,,1.643,,,0.560,6.770,-0.447,0
1939,6,1.809,,1.480,0.702,0.657,-0.163,,,,1.643,,,0.530,6.700,-0.569,0
1939,7,1.992,,1.486,0.718,0.675,-0.136,,,,1.622,,,0.520,6.770,-0.447,0
1939,8,1.900,,1.455,0.681,0.644,-0.166,,,,1.622,,,0.580,6.700,-0.569,0
1939,9,2.144,,1.644,0.888,0.852,0.056,,,,1.588,,,0.620,6.810,-0.294,0
1939,10,2.022,,1.571,0.821,0.782,-0.008,,,,1.579,,,0.660,6.900,-0.355,0
1939,11,1.839,,1.504,0.742,0.711,-0.081,,,,1.585,,,0.750,6.880,-0.508,0
1939,12,1.839,,1.367,0.599,0.565,-0.239,,,,1.606,,,0.640,6.700,-0.508,0
1940,1,1.687,,1.333,0.544,0.516,-0.300,,,,1.634,,,0.510,6.680,-0.873,0
1940,2,1.778,,1.339,0.556,0.516,-0.304,,,,1.643,,,0.640,6.790,-0.843,0
1940,3,1.992,,1.413,0.632,0.596,-0.218,,,,1.631,,,0.460,6.640,-0.660,0
1940,4,1.961,,1.364,0.590,0.553,-0.261,,,,1.625,,,0.720,6.720,-0.691,0
1940,5,1.931,,1.467,0.693,0.657,-0.151,,,,1.618,,,0.570,6.820,-0.477,0
1940,6,1.931,,1.406,0.635,0.602,-0.206,,,,1.612,,,0.570,6.740,-0.447,0
1940,7,1.900,,1.437,0.672,0.632,-0.166,,,,1.603,,,0.640,6.770,-0.508,0
1940,8,3.119,,1.629,0.870,0.833,0.035,,,,1.594,,,0.570,6.690,-0.325,0
1940,9,2.022,,1.656,0.891,0.852,0.047,,,,1.609,,,0.620,6.760,-0.294,0
1940,10,2.083,,1.666,0.879,0.839,0.013,,,,1.652,,,0.630,6.870,-0.447,0
1940,11,2.083,,1.507,0.736,0.699,-0.111,,,,1.618,,,0.610,6.800,-0.721,0
1940,12,2.022,,1.446,0.672,0.638,-0.169,,,,1.615,,,0.660,6.770,-0.660,0
1941,1,1.839,,1.461,0.708,0.672,-0.118,,,,1.579,,,0.680,6.760,-0.386,0
1941,2,1.839,,1.419,0.657,0.626,-0.169,,,,1.588,,,0.640,6.760,-0.538,0
1941,3,1.748,,1.324,0.562,0.523,-0.276,,,,1.600,,,0.450,6.670,-0.782,0
1941,4,1.870,,1.413,0.657,0.614,-0.182,,,,1.594,,,0.440,6.580,-0.599,0
1941,5,1.961,,1.394,0.629,0.596,-0.203,,,,1.597,,,0.440,6.820,-0.508,0
1941,6,1.992,,1.492,0.718,0.678,-0.136,,,,1.628,,,0.530,6.680,-0.508,0
1941,7,1.870,,1.419,0.629,0.590,-0.239,,,,1.658,,,0.470,6.600,-0.508,0
1941,8,1.748,,1.449,0.669,0.626,-0.200,,,,1.649,,,0.520,6.690,-0.477,0
1941,9,2.053,,1.565,0.803,0.760,-0.044,,,,1.609,,,0.660,6.790,-0.386,0
1941,10,1.992,,1.556,0.797,0.760,-0.038,,,,1.594,,,0.610,6.860,-0.325,0
1941,11,1.931,,1.510,0.754,0.711,-0.087,,,,1.597,,,0.600,6.830,-0.477,0
1941,12,1.809,,1.406,0.638,0.605,-0.197,,,,1.603,,,0.650,6.750,-0.630,0
1942,1,1.870,,1.394,0.623,0.593,-0.209,,,,1.603,,,0.540,6.720,-0.721,0
1942,2,1.839,,1.470,0.708,0.675,-0.124,,,,1.594,,,0.490,6.620,-0.508,0
1942,3,1.839,,1.333,0.553,0.516,-0.297,,,,1.631,,,0.400,6.560,-0.904,0
1942,4,1.900,,1.480,0.696,0.654,-0.172,,,,1.652,,,0.440,6.620,-0.660,0
1942,5,1.992,,1.550,0.748,0.705,-0.139,,,,1.689,,,0.530,6.680,-0.477,0
1942,6,2.114,,1.541,0.751,0.711,-0.121,,,,1.661,,,0.560,6.710,-0.386,0
1942,7,2.022,,1.480,0.684,0.641,-0.197,,,,1.676,,,0.540,6.710,-0.447,0
1942,8,2.175,,1.507,0.733,0.693,-0.124,,,,1.631,,,0.580,6.720,-0.477,0
1942,9,1.992,,1.580,0.830,0.788,-0.005,,,,1.585,,,0.630,6.760,-0.325,0
1942,10,1.992,,1.681,0.955,0.913,0.148,,,,1.533,,,0.640,6.840,-0.111,0
1942,11,2.022,,1.525,0.782,0.742,-0.044,,,,1.570,,,0.560,6.760,-0.416,0
1942,12,2.022,,1.400,0.644,0.614,-0.175,,,,1.576,,,0.560,6.750,-0.508,0
1943,1,1.870,,1.394,0.617,0.587,-0.221,,,,1.615,,,0.480,6.680,-0.873,0
1943,2,1.900,,1.364,0.574,0.541,-0.285,,,,1.649,,,0.440,6.630,-0.843,0
1943,3,2.083,,1.464,0.687,0.647,-0.169,,,,1.634,,,0.470,6.720,-0.630,0
1943,4,1.961,,1.501,0.727,0.684,-0.136,,,,1.637,,,0.540,6.640,-0.599,0
1943,5,2.083,,1.565,0.779,0.733,-0.099,,,,1.664,,,0.550,6.700,-0.447,0
1943,6,1.900,,1.550,0.763,0.724,-0.099,,,,1.649,,,0.600,6.710,-0.508,0
1943,7,2.022,,1.489,0.715,0.669,-0.148,,,,1.637,,,0.580,6.730,-0.599,0
1943,8,2.114,,1.565,0.800,0.763,-0.038,,,,1.603,,,0.670,6.780,-0.447,0
1943,9,2.205,,1.669,0.922,0.882,0.099,,,,1.570,,,0.740,6.890,-0.233,0
1943,10,2.205,,1.690,0.946,0.907,0.123,,,,1.567,,,0.740,6.890,-0.294,0
1943,11,1.992,,1.531,0.772,0.739,-0.054,,,,1.585,,,0.630,6.760,-0.538,0
1943,12,1.961,,1.470,0.693,0.660,-0.151,,,,1.622,,,0.590,6.710,-0.477,0
1944,1,1.870,,1.483,0.708,0.669,-0.145,,,,1.628,,,0.570,6.660,-0.599,0
1944,2,1.870,,1.452,0.675,0.638,-0.172,,,,1.625,,,0.570,6.680,-0.569,0
1944,3,1.961,,1.501,0.736,0.699,-0.105,,,,1.606,,,0.500,6.660,-0.538,0
1944,4,1.992,,1.516,0.754,0.711,-0.093,,,,1.609,,,0.460,6.600,-0.538,0
1944,5,1.931,,1.565,0.812,0.772,-0.020,,,,1.585,,,0.530,6.650,-0.386,0
1944,6,2.022,,1.601,0.849,0.803,0.007,,,,1.594,,,0.550,6.690,-0.355,0
1944,7,2.053,,1.592,0.843,0.803,0.010,,,,1.582,,,0.720,6.730,-0.355,0
1944,8,1.961,,1.571,0.797,0.754,-0.060,,,,1.631,,,0.550,6.750,-0.477,0
1944,9,1.900,,1.620,0.852,0.809,-0.002,,,,1.622,,,0.650,6.710,-0.477,0
1944,10,2.449,,1.693,0.919,0.882,0.071,,,,1.622,,,0.730,6.900,-0.386,0
1944,11,2.114,,1.583,0.827,0.785,-0.011,,,,1.594,,,0.630,6.740,-0.447,0
1944,12,1.870,,1.422,0.651,0.614,-0.191,,,,1.612,,,0.570,6.710,-0.721,0
1945,1,1.839,,1.413,0.654,0.623,-0.169,,,,1.582,,,0.490,6.600,-0.752,0
1945,2,1.809,,1.336,0.574,0.544,-0.252,,,,1.588,,,0.590,6.580,-0.721,0
1945,3,1.931,,1.385,0.617,0.580,-0.221,,,,1.606,,,0.480,6.560,-0.691,0
1945,4,1.992,,1.507,0.745,0.711,-0.084,,,,1.591,,,0.570,6.640,-0.569,0
1945,5,2.053,,1.486,0.721,0.684,-0.118,,,,1.603,,,0.570,6.600,-0.508,0
1945,6,1.992,,1.489,0.727,0.690,-0.105,,,,1.594,,,0.590,6.700,-0.477,0
1945,7,1.931,,1.531,0.757,0.718,-0.096,,,,1.628,,,0.560,6.630,-0.447,0
1945,8,1.900,,1.531,0.760,0.721,-0.087,,,,1.618,,,0.630,6.640,-0.386,0
1945,9,2.266,,1.635,0.876,0.843,0.053,,,,1.582,,,0.730,6.770,-0.294,0
1945,10,2.114,,1.711,0.974,0.940,0.166,,,,1.545,,,0.690,6.860,-0.386,0
1945,11,2.053,,1.565,0.812,0.775,-0.014,,,,1.579,,,0.610,6.700,-0.538,0
1945,12,2.022,,1.516,0.791,0.751,-0.014,,,,1.530,,,0.550,6.770,-0.721,0
1946,1,1.992,,1.425,0.681,0.651,-0.127,,,,1.551,,,0.560,6.620,-0.386,0
1946,2,1.778,,1.364,0.617,0.587,-0.191,,,,1.554,,,0.340,6.630,-0.660,0
1946,3,1.961,,1.486,0.736,0.693,-0.096,,,,1.582,,,0.410,6.700,-0.538,0
1946,4,1.900,,1.534,0.772,0.736,-0.063,,,,1.597,,,0.560,6.570,-0.508,0
1946,5,2.053,,1.553,0.769,0.736,-0.081,,,,1.634,,,0.520,6.700,-0.508,0
1946,6,,,1.495,0.733,0.693,-0.108,,,,1.603,,,,,,0
1946,7,2.053,,1.498,0.742,0.702,-0.093,,,,1.591,,,,,-0.447,0
1946,8,1.961,,1.492,0.742,0.705,-0.078,,,,1.570,,,0.480,6.620,-0.355,0
1946,9,2.053,,1.662,0.925,0.900,0.135,,,,1.527,,,0.640,6.750,-0.325,0
1946,10,2.175,,1.717,1.007,0.986,0.251,,,,1.466,,,0.610,6.800,-0.081,0
1946,11,2.083,,1.669,0.940,0.916,0.163,,,,1.506,,,0.590,6.780,-0.416,0
1946,12,2.083,,1.513,0.772,0.736,-0.038,,,,1.551,,,0.460,6.720,-0.477,0
1947,1,1.961,,1.467,0.718,0.687,-0.093,,,,1.561,,,0.540,6.660,-0.508,0
1947,2,1.870,,1.370,0.611,0.583,-0.200,,,,1.570,,,0.580,6.630,-0.782,0
1947,3,1.809,,1.382,0.632,0.599,-0.185,,,,1.567,,,0.480,6.710,-0.721,0
1947,4,1.900,,1.443,0.681,0.644,-0.157,,,,1.600,,,0.460,6.610,-0.538,0
1947,5,1.931,,1.480,0.718,0.675,-0.130,,,,1.609,,,0.440,6.590,-0.508,0
1947,6,2.175,,1.595,0.852,0.809,0.023,,,,1.573,,,0.620,6.690,-0.569,0
1947,7,1.900,,1.504,0.760,0.730,-0.047,,,,1.551,,,0.520,6.720,-0.691,0
1947,8,1.870,,1.519,0.779,0.736,-0.044,,,,1.564,,,0.520,6.760,-0.599,0
1947,9,2.053,,1.696,0.961,0.922,0.148,,,,1.548,,,0.570,6.710,-0.355,0
1947,10,2.479,,1.708,0.971,0.937,0.163,,,,1.545,,,0.540,6.720,-0.142,0
1947,11,2.601,,1.742,1.022,0.980,0.221,,,,1.521,,,0.560,6.760,-0.355,0
1947,12,2.053,,1.638,0.888,0.855,0.071,,,,1.567,,,0.540,6.670,-0.569,0
1948,1,2.114,,1.544,0.788,0.754,-0.035,,,,1.579,,,0.470,6.670,-0.477,0
1948,2,2.175,,1.586,0.833,0.800,0.013,,,,1.573,,,0.460,6.720,-0.386,0
1948,3,2.053,,1.592,0.852,0.815,0.041,,,,1.551,,,0.470,6.610,-0.538,0
1948,4,2.114,,1.592,0.858,0.827,0.059,,,,1.533,,,0.440,6.660,-0.355,0
1948,5,2.083,,1.595,0.870,0.827,0.056,,,,1.539,,,0.500,6.580,-0.264,0
1948,6,1.961,,1.595,0.858,0.815,0.038,,,,1.558,,,0.510,6.690,-0.264,0
1948,7,2.205,,1.498,0.763,0.730,-0.038,,,,1.536,,,0.490,6.640,-0.508,0
1948,8,1.992,,1.565,0.827,0.791,0.017,,,,1.548,,,0.580,6.680,-0.599,0
1948,9,2.205,,1.763,1.032,0.992,0.224,,,,1.539,,,0.640,6.780,-0.172,0
1948,10,2.266,,1.766,1.028,0.992,0.215,,,,1.551,,,0.600,6.870,-0.264,0
1948,11,2.083,,1.653,0.916,0.879,0.105,,,,1.548,,,0.620,6.830,-0.264,0
1948,12,1.992,,1.525,0.797,0.760,-0.002,,,,1.527,,,0.540,6.800,-0.447,0
1949,1,1.900,,1.425,0.681,0.654,-0.118,,,,1.542,,,0.450,6.710,-0.386,0
1949,2,1.809,,1.480,0.742,0.715,-0.051,,,,1.530,,,0.420,6.620,-0.630,0
1949,3,1.900,,1.443,0.696,0.675,-0.096,,,,1.539,,,0.390,6.570,-0.569,0
1949,4,2.022,,1.486,0.739,0.705,-0.075,,,,1.561,,,0.350,6.530,-0.599,0
1949,5,2.235,,1.595,0.852,0.818,0.041,,,,1.554,,,0.420,6.550,-0.325,0
1949,6,2.114,,1.632,0.882,0.846,0.059,,,,1.573,,,0.470,6.670,-0.325,0
1949,7,2.114,,1.577,0.821,0.782,-0.014,,,,1.591,,,0.430,6.560,-0.386,0
1949,8,2.144,,1.568,0.812,0.775,-0.017,,,,1.585,,,0.480,6.630,-0.355,0
1949,9,2.114,,1.681,0.958,0.919,0.157,,,,1.524,,,0.480,6.710,-0.386,0
1949,10,2.266,,1.745,1.041,1.004,0.260,,,,1.484,,,0.550,6.700,-0.203,0
1949,11,2.022,,1.498,0.779,0.745,-0.011,,,,1.509,,,0.460,6.670,-0.599,0
1949,12,1.961,,1.504,0.775,0.742,-0.020,,,,1.524,,,0.480,6.620,-0.386,0
1950,1,1.778,,1.376,0.641,0.611,-0.151,,,,1.527,,,0.420,6.540,-0.508,0
1950,2,1.870,,1.443,0.711,0.681,-0.081,,,,1.524,,,0.390,6.470,-0.447,0
1950,3,1.961,,1.440,0.699,0.672,-0.096,,,,1.536,,,0.400,6.560,-0.660,0
1950,4,1.961,,1.507,0.751,0.715,-0.075,,,,1.582,,,0.400,6.470,-0.508,0
1950,5,2.053,,1.574,0.806,0.769,-0.035,,,,1.609,,,0.470,6.610,-0.477,0
1950,6,1.961,,1.510,0.754,0.721,-0.069,,,,1.579,,,0.430,6.600,-0.416,0
1950,7,1.748,,1.400,0.629,0.599,-0.203,,,,1.603,,,0.420,6.550,-0.538,0
1950,8,1.931,,1.565,0.830,0.794,0.020,,,,1.545,,,0.470,6.630,-0.233,0
1950,9,1.931,,1.620,0.913,0.879,0.138,,,,1.481,,,0.570,6.710,-0.233,0
1950,10,1.961,,1.626,0.928,0.894,0.163,,,,1.463,,,0.520,6.710,-0.355,0
1950,11,1.992,,1.419,0.696,0.669,-0.081,,,,1.500,,,0.460,6.590,-0.538,0
1950,12,1.992,,1.461,0.721,0.696,-0.072,,,,1.533,,,0.430,6.660,-0.599,0
1951,1,1.870,,1.413,0.663,0.632,-0.151,,,,1.564,,,0.420,6.640,-0.752,0
1951,2,1.931,,1.422,0.669,0.638,-0.148,,,,1.570,,,0.390,6.570,-0.630,0
1951,3,1.900,,1.492,0.745,0.715,-0.063,,,,1.554,,,0.390,6.550,-0.477,0
1951,4,1.870,,1.473,0.730,0.693,-0.084,,,,1.558,,,0.380,6.520,-0.477,0
1951,5,2.114,,1.522,0.775,0.748,-0.029,,,,1.551,,,0.380,6.640,-0.294,0
1951,6,2.175,,1.553,0.806,0.772,-0.011,,,,1.564,,,0.390,6.660,-0.264,0
1951,7,1.931,,1.425,0.684,0.651,-0.124,,,,1.548,,,0.370,6.530,-0.508,0
1951,8,1.931,,1.507,0.766,0.736,-0.038,,,,1.545,,,0.350,6.560,-0.538,0
1951,9,1.870,,1.580,0.861,0.827,0.074,,,,1.506,,,0.490,6.620,-0.264,0
1951,10,2.053,,1.745,1.022,0.986,0.227,,,,1.518,,,0.630,6.770,-0.203,0
1951,11,2.144,,1.583,0.843,0.803,0.023,,,,1.561,,,0.500,6.650,-0.386,0
1951,12,2.175,,1.498,0.736,0.705,-0.087,,,,1.585,,,0.480,6.620,-0.508,0
1952,1,1.839,,1.443,0.693,0.660,-0.127,,,,1.570,,,0.410,6.530,-0.599,0
1952,2,2.083,,1.489,0.748,0.715,-0.060,,,,1.548,,,0.490,6.700,-0.416,0
1952,3,1.900,,1.498,0.760,0.733,-0.035,,,,1.533,,,0.360,6.540,-0.416,0
1952,4,1.839,,1.458,0.718,0.684,-0.093,,,,1.551,,,0.380,6.480,-0.447,0
1952,5,1.900,,1.525,0.794,0.757,-0.008,,,,1.533,,,0.410,6.570,-0.416,0
1952,6,1.778,,1.449,0.702,0.666,-0.118,,,,1.567,,,0.340,6.500,-0.508,0
1952,7,1.900,,1.486,0.736,0.699,-0.084,,,,1.570,,,0.320,6.590,-0.477,0
1952,8,1.870,,1.513,0.779,0.745,-0.020,,,,1.533,,,0.400,6.540,-0.599,0
1952,9,,,1.681,0.943,0.910,0.138,,,,1.542,,,,,,0
1952,10,,,1.659,0.922,0.885,0.111,,,,1.548,,,,,,0
1952,11,,,1.516,0.779,0.745,-0.026,,,,1.542,,,,,,0
1952,12,1.900,,1.531,0.791,0.760,-0.011,,,,1.542,,,0.500,6.600,-0.386,0
1953,1,1.809,,1.388,0.641,0.605,-0.182,,,,1.570,,,0.400,6.560,-0.569,0
1953,2,1.809,,1.355,0.602,0.571,-0.212,,,,1.567,,,0.380,6.530,-0.995,0
1953,3,1.870,,1.455,0.696,0.666,-0.124,,,,1.579,,,0.400,6.590,-0.630,0
1953,4,2.083,,1.470,0.715,0.678,-0.111,,,,1.582,,,0.410,6.520,-0.599,0
1953,5,1.961,,1.452,0.687,0.654,-0.145,,,,1.597,,,0.300,6.500,-0.386,0
1953,6,1.870,,1.562,0.809,0.772,-0.017,,,,1.579,,,0.420,6.560,-0.386,0
1953,7,2.022,,1.531,0.766,0.733,-0.069,,,,1.600,,,0.340,6.610,-0.477,0
1953,8,2.083,,1.586,0.836,0.806,0.026,,,,1.561,,,0.390,6.630,-0.355,0
1953,9,2.205,,1.678,0.943,0.916,0.154,,,,1.524,,,0.460,6.700,-0.172,0
1953,10,2.205,,1.675,0.958,0.928,0.178,,,,1.497,,,0.530,6.720,-0.233,0
1953,11,1.992,,1.565,0.836,0.800,0.038,,,,1.527,,,0.510,6.710,-0.355,0
1953,12,1.870,,1.446,0.721,0.684,-0.078,,,,1.524,,,0.560,6.730,-0.752,0
1954,1,1.778,,1.425,0.687,0.657,-0.111,,,,1.536,,,0.410,6.540,-0.843,0
1954,2,1.931,,1.492,0.742,0.711,-0.066,,,,1.558,,,0.390,6.480,-0.416,0
1954,3,1.748,,1.403,0.647,0.608,-0.185,,,,1.588,,,0.320,6.480,-0.843,0
1954,4,2.114,,1.559,0.794,0.760,-0.041,,,,1.600,,,0.350,6.550,-0.447,0
1954,5,2.083,,1.620,0.852,0.809,0.001,,,,1.618,,,0.500,6.650,-0.447,0
1954,6,2.114,,1.629,0.870,0.833,0.035,,,,1.594,,,0.410,6.610,-0.386,0
1954,7,1.961,,1.556,0.788,0.751,-0.054,,,,1.609,,,0.400,6.580,-0.447,0
1954,8,1.931,,1.498,0.739,0.705,-0.087,,,,1.585,,,0.430,6.620,-0.630,0
1954,9,2.083,,1.559,0.830,0.797,0.035,,,,1.524,,,0.450,6.660,-0.233,0
1954,10,2.022,,1.568,0.843,0.809,0.050,,,,1.518,,,0.460,6.650,-0.355,0
1954,11,2.205,,1.534,0.788,0.754,-0.026,,,,1.561,,,0.430,6.660,-0.325,0
1954,12,1.992,,1.400,0.629,0.602,-0.197,,,,1.597,,,0.430,6.610,-0.843,0
1955,1,1.931,,1.501,0.736,0.705,-0.093,,,,1.594,,,0.410,6.570,-0.569,0
1955,2,1.870,,1.467,0.693,0.663,-0.142,,,,1.609,,,0.370,6.580,-0.782,0
1955,3,1.870,,1.416,0.651,0.620,-0.175,,,,1.591,,,0.280,6.500,-0.660,0
1955,4,2.022,,1.541,0.772,0.736,-0.066,,,,1.606,,,0.240,6.460,-0.447,0
1955,5,2.053,,1.617,0.861,0.821,0.026,,,,1.591,,,0.380,6.660,-0.447,0
1955,6,2.114,,1.601,0.858,0.818,0.035,,,,1.567,,,0.450,6.630,-0.416,0
1955,7,1.931,,1.531,0.782,0.739,-0.054,,,,1.585,,,0.370,6.560,-0.538,0
1955,8,2.235,,1.626,0.891,0.852,0.074,,,,1.551,,,0.400,6.680,-0.355,0
1955,9,1.992,,1.659,0.925,0.888,0.120,,,,1.539,,,0.460,6.680,-0.233,0
1955,10,2.114,,1.720,0.977,0.937,0.157,,,,1.564,,,0.450,6.690,-0.386,0
1955,11,1.931,,1.522,0.766,0.730,-0.066,,,,1.588,,,0.320,6.570,-0.660,0
1955,12,1.992,,1.507,0.718,0.687,-0.133,,,,1.640,,,0.410,6.610,-0.599,0
1956,1,1.931,,1.541,0.748,0.715,-0.111,,,,1.652,,,0.410,6.590,-0.630,0
1956,2,1.809,,1.431,0.657,0.620,-0.188,,,,1.618,,,0.340,6.490,-0.782,0
1956,3,1.839,,1.422,0.647,0.617,-0.188,,,,1.609,,,0.340,6.500,-0.630,0
1956,4,2.053,,1.452,0.696,0.663,-0.127,,,,1.579,,,0.330,6.510,-0.416,0
1956,5,2.114,,1.562,0.800,0.766,-0.026,,,,1.588,,,0.300,6.520,-0.416,0
1956,6,2.083,,1.531,0.760,0.727,-0.078,,,,1.609,,,0.410,6.520,-0.386,0
1956,7,1.900,,1.406,0.620,0.587,-0.233,,,,1.640,,,0.330,6.460,-0.691,0
1956,8,2.053,,1.577,0.785,0.754,-0.072,,,,1.649,,,0.440,6.540,-0.569,0
1956,9,1.961,,1.644,0.873,0.833,0.023,,,,1.622,,,0.550,6.630,-0.447,0
1956,10,1.961,,1.730,0.971,0.925,0.123,,,,1.606,,,0.580,6.760,-0.325,0
1956,11,2.144,,1.580,0.809,0.779,-0.026,,,,1.606,,,0.550,6.640,-0.416,0
1956,12,2.053,,1.370,0.590,0.559,-0.252,,,,1.622,,,0.330,6.580,-0.752,0
1957,1,1.992,,1.406,0.620,0.596,-0.215,,,,1.622,,,0.380,6.520,-0.721,0
1957,2,1.992,,1.541,0.766,0.736,-0.069,,,,1.609,,,0.330,6.580,-0.508,0
1957,3,1.992,,1.601,0.830,0.788,-0.026,,,,1.628,,,0.390,6.550,-0.386,0
1957,4,1.961,,1.480,0.705,0.663,-0.151,,,,1.631,,,0.320,6.530,-0.477,0
1957,5,2.114,,1.614,0.833,0.797,-0.020,,,,1.634,,,0.330,6.520,-0.386,0
1957,6,2.053,,1.592,0.803,0.763,-0.066,,,,1.658,,,0.390,6.620,-0.508,0
1957,7,2.175,,1.638,0.846,0.806,-0.026,,,,1.664,,,0.430,6.610,-0.416,0
1957,8,2.175,,1.693,0.919,0.876,0.062,,,,1.631,,,0.540,6.720,-0.447,0
1957,9,2.205,,1.672,0.910,0.864,0.056,,,,1.615,,,0.610,6.690,-0.264,0
1957,10,2.022,,1.726,0.989,0.949,0.169,,,,1.558,,,0.570,6.770,-0.325,0
1957,11,2.083,,1.669,0.904,0.864,0.059,,,,1.609,,,0.390,6.660,-0.508,0
1957,12,2.022,,1.516,0.748,0.718,-0.084,,,,1.600,,,0.400,6.650,-0.447,0
1958,1,2.022,,1.519,0.748,0.708,-0.099,,,,1.618,,,0.430,6.640,-0.416,0
1958,2,1.717,,1.358,0.556,0.526,-0.310,,,,1.667,,,0.300,6.440,-0.752,0
1958,3,2.114,,1.553,0.757,0.721,-0.108,,,,1.661,,,0.380,6.560,-0.538,0
1958,4,2.205,,1.620,0.815,0.772,-0.075,,,,1.695,,,0.290,6.540,-0.386,0
1958,5,2.083,,1.586,0.763,0.730,-0.127,,,,1.713,,,0.390,6.580,-0.538,0
1958,6,2.053,,1.580,0.791,0.745,-0.093,,,,1.673,,,0.420,6.620,-0.416,0
1958,7,1.870,,1.498,0.690,0.654,-0.191,,,,1.689,,,0.310,6.560,-0.508,0
1958,8,1.870,,1.541,0.745,0.708,-0.121,,,,1.661,,,0.350,6.600,-0.447,0
1958,9,2.053,,1.629,0.861,0.824,0.023,,,,1.606,,,0.350,6.580,-0.386,0
1958,10,2.144,,1.751,0.992,0.952,0.154,,,,1.597,,,0.500,6.630,-0.325,0
1958,11,2.053,,1.583,0.800,0.772,-0.038,,,,1.622,,,0.350,6.610,-0.386,0
1958,12,2.114,,1.559,0.769,0.742,-0.075,,,,1.634,,,0.460,6.600,-0.508,0
1959,1,1.931,,1.467,0.672,0.638,-0.188,,,,1.655,,,0.320,6.580,-0.569,0
1959,2,1.870,,1.473,0.678,0.644,-0.182,,,,1.655,,,0.240,6.510,-0.752,0
1959,3,1.839,,1.486,0.681,0.644,-0.197,,,,1.682,,,0.260,6.530,-0.721,0
1959,4,2.175,,1.510,0.699,0.663,-0.185,,,,1.695,,,0.200,6.490,-0.508,0
1959,5,2.022,,1.550,0.751,0.715,-0.121,,,,1.670,,,0.300,6.510,-0.660,0
1959,6,2.235,,1.614,0.833,0.791,-0.032,,,,1.646,,,0.380,6.610,-0.447,0
1959,7,2.022,,1.571,0.797,0.763,-0.044,,,,1.615,,,0.390,6.650,-0.386,0
1959,8,1.870,,1.534,0.745,0.715,-0.105,,,,1.640,,,0.400,6.520,-0.416,0
1959,9,2.479,,1.669,0.922,0.876,0.081,,,,1.588,,,0.590,6.800,-0.325,0
1959,10,2.053,,1.726,0.940,0.907,0.084,,,,1.643,,,0.490,6.740,-0.233,0
1959,11,2.205,,1.699,0.907,0.870,0.041,,,,1.658,,,0.430,6.730,-0.843,0
1959,12,2.083,,1.583,0.785,0.739,-0.105,,,,1.689,,,0.430,6.630,-0.599,0
1960,1,2.053,,1.601,0.800,0.766,-0.072,,,,1.673,,,0.400,6.540,-0.508,0
1960,2,1.931,,1.531,0.727,0.705,-0.121,,,,1.652,,,0.280,6.580,-0.660,0
1960,3,2.083,,1.519,0.727,0.699,-0.124,,,,1.643,,,0.390,6.600,-0.477,0
1960,4,1.809,,1.528,0.727,0.705,-0.115,,,,1.643,,,0.290,6.520,-0.569,0
1960,5,1.992,,1.611,0.815,0.797,-0.017,,,,1.628,,,0.350,6.540,-0.416,0
1960,6,2.388,,1.644,0.867,0.821,-0.002,,,,1.646,,,0.460,6.630,-0.233,0
1960,7,2.296,,1.653,0.858,0.827,-0.002,,,,1.655,,,0.310,6.630,-0.294,0
1960,8,1.931,,1.650,0.852,0.815,-0.023,,,,1.673,,,0.350,6.640,-0.538,0
1960,9,2.175,,1.787,1.010,0.968,0.151,,,,1.637,,,0.470,6.730,-0.172,0
1960,10,2.114,,1.766,0.986,0.943,0.117,,,,1.649,,,0.460,6.660,-0.172,0
1960,11,2.053,,1.565,0.797,0.760,-0.041,,,,1.606,,,0.460,6.780,-0.416,0
1960,12,1.900,,1.513,0.727,0.693,-0.124,,,,1.637,,,0.530,6.750,-0.752,0
1961,1,2.053,,1.440,0.666,0.632,-0.175,,,,1.615,,,0.310,6.620,-0.752,0
1961,2,1.839,,1.440,0.660,0.626,-0.185,,,,1.625,,,0.330,6.550,-0.843,0
1961,3,2.083,,1.547,0.763,0.724,-0.099,,,,1.646,,,0.220,6.660,-0.508,0
1961,4,2.114,,1.486,0.702,0.660,-0.166,,,,1.652,,,0.310,6.500,-0.630,0
1961,5,1.931,,1.617,0.818,0.782,-0.054,,,,1.670,,,0.260,6.570,-0.416,0
1961,6,2.022,,1.537,0.724,0.693,-0.154,,,,1.692,,,0.380,6.540,-0.416,0
1961,7,2.053,,1.553,0.724,0.687,-0.175,,,,1.728,,,0.300,6.530,-0.477,0
1961,8,1.992,,1.608,0.794,0.763,-0.081,,,,1.689,,,0.330,6.580,-0.508,0
1961,9,2.083,,1.699,0.922,0.882,0.068,,,,1.631,,,0.400,6.630,-0.233,0
1961,10,2.235,,1.690,0.931,0.894,0.108,,,,1.582,,,0.520,6.670,-0.355,0
1961,11,2.114,,1.672,0.922,0.882,0.096,,,,1.576,,,0.470,6.670,-0.294,0
1961,12,1.931,,1.498,0.736,0.702,-0.093,,,,1.591,,,0.440,6.630,-0.447,0
1962,1,1.870,,1.391,0.608,0.577,-0.239,,,,1.631,,,0.510,6.580,-0.873,0
1962,2,2.022,,1.595,0.797,0.766,-0.066,,,,1.661,,,0.420,6.490,-0.447,0
1962,3,2.357,,1.678,0.900,0.864,0.047,,,,1.631,,,0.400,6.600,-0.630,0
1962,4,1.961,,1.495,0.687,0.654,-0.188,,,,1.682,,,0.380,6.510,-0.538,0
1962,5,2.235,,1.678,0.873,0.833,-0.008,,,,1.686,,,0.420,6.600,-0.325,0
1962,6,2.114,,1.687,0.888,0.849,0.010,,,,1.676,,,0.500,6.690,-0.294,0
1962,7,2.114,,1.644,0.855,0.821,-0.002,,,,1.646,,,0.400,6.670,-0.355,0
1962,8,2.022,,1.647,0.873,0.833,0.020,,,,1.628,,,0.410,6.700,-0.416,0
1962,9,2.144,,1.708,0.958,0.910,0.111,,,,1.597,,,0.470,6.720,-0.264,0
1962,10,2.114,,1.708,0.955,0.913,0.120,,,,1.588,,,0.560,6.780,-0.325,0
1962,11,2.175,,1.641,0.858,0.839,0.035,,,,1.606,,,0.520,6.810,-0.782,0
1962,12,2.083,,1.562,0.775,0.742,-0.075,,,,1.637,,,0.420,6.720,-0.813,0
1963,1,2.114,,1.568,0.772,0.742,-0.087,,,,1.655,,,0.340,6.620,-0.690,0
1963,2,2.022,,1.498,0.711,0.675,-0.148,,,,1.646,,,0.410,6.670,-0.599,0
1963,3,1.809,,1.403,0.602,0.571,-0.261,,,,1.664,,,0.240,6.460,-0.630,0
1963,4,1.961,,1.486,0.687,0.663,-0.163,,,,1.649,,,0.270,6.520,-0.691,0
1963,5,2.175,,1.568,0.788,0.754,-0.063,,,,1.631,,,0.520,6.600,-0.538,0
1963,6,1.961,,1.531,0.748,0.711,-0.108,,,,1.640,,,0.410,6.680,-0.599,0
1963,7,1.839,1.608,1.480,0.705,0.675,-0.130,-0.182,0.711,1.789,1.609,0.128,0.052,0.340,6.620,-0.599,0
1963,8,1.961,1.659,1.541,0.769,0.736,-0.066,-0.121,0.769,1.780,1.606,0.119,0.055,0.390,6.630,-0.386,0
1963,9,2.022,1.827,1.736,0.989,0.949,0.166,0.117,0.974,1.710,1.570,0.091,0.049,0.440,6.700,-0.264,0
1963,10,2.022,1.790,1.720,0.949,0.913,0.102,0.056,0.925,1.734,1.618,0.070,0.046,0.540,6.780,-0.416,0
1963,11,2.083,,1.565,0.779,0.748,-0.069,,,,1.634,,,0.480,6.730,-1.148,0
1963,12,2.144,,1.480,0.672,0.641,-0.197,,,,1.676,,,0.410,6.740,-0.934,0
1964,1,1.900,,1.397,0.599,0.571,-0.255,,,,1.652,,,0.430,6.560,-0.813,0
1964,2,2.022,,1.373,0.583,0.562,-0.252,,,,1.625,,,0.480,6.580,-0.691,0
1964,3,1.748,,1.428,0.651,0.623,-0.185,,,,1.612,,,0.280,6.500,-0.538,0
1964,4,1.922,1.553,1.455,0.672,0.644,-0.166,-0.209,0.672,1.762,1.622,0.098,0.043,0.280,6.530,-0.517,0
1964,5,2.022,,1.598,0.827,0.800,-0.002,,,,1.600,,,0.520,6.650,-0.538,0
1964,6,2.144,,1.565,0.794,0.754,-0.057,,,,1.622,,,0.230,6.560,-0.477,0
1964,7,1.961,1.580,1.467,0.678,0.641,-0.182,-0.233,0.675,1.814,1.649,0.113,0.052,0.350,6.590,-0.599,0
1964,8,2.083,,1.595,0.803,0.769,-0.060,,,,1.655,,,0.380,6.570,-0.386,0
1964,9,2.114,,1.763,0.989,0.952,0.145,,,,1.618,,,0.450,6.720,-0.233,0
1964,10,2.053,,1.714,0.961,0.913,0.114,,,,1.600,,,0.490,6.710,-0.355,0
1964,11,1.992,,1.595,0.833,0.800,0.001,,,,1.594,,,0.540,6.690,-0.569,0
1964,12,2.022,,1.483,0.721,0.684,-0.118,,,,1.600,,,0.410,6.690,-0.691,0
1965,1,2.022,,1.446,0.678,0.647,-0.151,,,,1.597,,,0.440,6.660,-0.691,0
1965,2,2.053,,1.473,0.699,0.672,-0.130,,,,1.603,,,0.250,6.630,-0.782,0
1965,3,1.778,,1.449,0.678,0.644,-0.157,,,,1.606,,,0.320,6.520,-0.538,0
1965,4,1.931,,1.562,0.775,0.745,-0.072,,,,1.634,,,0.280,6.640,-0.416,0
1965,5,2.083,,1.461,0.690,0.644,-0.172,,,,1.634,,,0.330,6.500,-0.508,0
1965,6,1.961,,1.495,0.708,0.672,-0.154,,,,1.649,,,0.310,6.560,-0.569,0
1965,7,2.235,,1.544,0.742,0.705,-0.133,,,,1.676,,,0.280,6.550,-0.599,0
1965,8,1.931,,1.516,0.715,0.687,-0.142,,,,1.658,,,0.340,6.560,-0.599,0
1965,9,2.053,,1.693,0.937,0.904,0.111,,,,1.582,,,0.500,6.720,-0.294,0
1965,10,2.022,,1.626,0.904,0.867,0.108,,,,1.518,,,0.390,6.680,-0.325,0
1965,11,2.175,,1.614,0.873,0.836,0.062,,,,1.551,,,0.410,6.640,-0.294,0
1965,12,1.992,,1.519,0.763,0.730,-0.060,,,,1.579,,,0.440,6.710,-0.508,0
1966,1,2.022,,1.519,0.772,0.736,-0.047,,,,1.567,,,,,-0.630,5
1966,2,,,1.458,0.681,0.645,-0.169,,,,1.628,,,,,,5
1966,3,,,1.498,0.742,0.705,-0.087,,,,1.585,,,,,,5
1966,4,1.900,,1.492,0.715,0.675,-0.139,,,,1.631,,,0.270,6.420,-0.660,0
1966,5,2.053,,1.614,0.843,0.803,-0.011,,,,1.625,,,0.260,6.530,-0.386,0
1966,6,2.114,,1.629,0.861,0.821,0.013,,,,1.615,,,0.330,6.580,-0.325,0
1966,7,2.053,,1.534,0.779,0.742,-0.054,,,,1.588,,,0.320,6.540,-0.386,0
1966,8,,,1.525,0.760,0.724,-0.078,,,,1.603,,,,,,5
1966,9,2.114,,1.611,0.867,0.830,0.050,,,,1.561,,,0.370,6.550,-0.386,0
1966,10,2.022,,1.592,0.858,0.821,0.050,,,,1.542,,,0.400,6.640,-0.294,0
1966,11,1.992,,1.531,0.788,0.754,-0.023,,,,1.554,,,0.410,6.610,-0.477,0
1966,12,2.053,,1.556,0.791,0.757,-0.041,,,,1.597,,,0.350,6.560,-0.477,0
1967,1,1.870,,1.483,0.708,0.684,-0.118,,,,1.600,,,0.270,6.560,-0.508,0
1967,2,1.839,,1.419,0.663,0.632,-0.154,,,,1.573,,,0.290,6.480,-0.813,0
1967,3,1.961,,1.434,0.669,0.638,-0.157,,,,1.591,,,0.280,6.480,-0.447,0
1967,4,2.053,,1.507,0.766,0.733,-0.041,,,,1.548,,,0.340,6.510,-0.508,0
1967,5,2.266,,1.541,0.806,0.769,-0.002,,,,1.542,,,0.330,6.480,-0.447,0
1967,6,2.144,,1.641,0.916,0.879,0.114,,,,1.527,,,0.360,6.580,-0.264,0
1967,7,1.839,,1.428,0.687,0.657,-0.118,,,,1.545,,,0.310,6.450,-0.386,0
1967,8,1.900,,1.525,0.797,0.763,0.001,,,,1.524,,,0.300,6.500,-0.325,0
1967,9,2.114,,1.717,0.998,0.961,0.202,,,,1.515,,,0.390,6.630,-0.051,0
1967,10,1.961,,1.623,0.879,0.843,0.065,,,,1.558,,,0.430,6.830,-0.264,0
1967,11,2.205,,1.568,0.824,0.791,0.013,,,,1.554,,,0.390,6.560,-0.294,0
1967,12,2.144,,1.568,0.806,0.772,-0.026,,,,1.594,,,0.310,6.540,-0.508,0
1968,1,2.077,,1.531,0.775,0.745,-0.044,,,,1.576,,,0.330,6.570,-0.380,0
1968,2,1.918,,1.553,0.809,0.782,0.007,,,,1.545,,,0.280,6.510,-0.496,0
1968,3,1.781,,1.367,0.614,0.590,-0.191,,,,1.558,,,0.220,6.450,-0.496,0
1968,4,1.967,,1.480,0.748,0.711,-0.060,,,,1.539,,,0.250,6.460,-0.462,0
1968,5,2.013,,1.480,0.745,0.718,-0.044,,,,1.524,,,0.270,6.460,-0.465,0
1968,6,2.068,,1.534,0.794,0.754,-0.029,,,,1.564,,,0.290,6.550,-0.456,0
1968,7,2.101,,1.504,0.745,0.711,-0.084,,,,1.588,,,0.310,6.570,-0.468,0
1968,8,2.037,,1.580,0.827,0.794,0.004,,,,1.576,,,0.330,6.570,-0.435,0
1968,9,2.047,,1.659,0.937,0.894,0.129,,,,1.530,,,0.310,6.550,-0.145,0
1968,10,2.104,,1.659,0.940,0.904,0.145,,,,1.515,,,0.400,6.630,-0.169,0
1968,11,1.995,,1.498,0.760,0.733,-0.035,,,,1.533,,,0.300,6.550,-0.456,0
1968,12,1.995,,1.419,0.675,0.647,-0.124,,,,1.542,,,0.350,6.570,-0.453,0
1969,1,1.900,1.544,1.416,0.672,0.644,-0.130,-0.182,0.681,1.726,1.545,0.128,0.052,0.400,6.590,-0.477,0
1969,2,2.205,1.644,1.553,0.809,0.775,-0.005,-0.066,0.789,1.710,1.558,0.091,0.061,0.280,6.490,-0.416,0
1969,3,1.931,1.556,1.452,0.721,0.681,-0.090,-0.160,0.698,1.716,1.542,0.104,0.070,0.310,6.440,-0.447,0
1969,4,1.870,1.586,1.464,0.718,0.687,-0.090,-0.130,0.728,1.716,1.554,0.122,0.040,0.290,6.460,-0.447,0
1969,5,2.053,1.677,1.534,0.772,0.736,-0.066,-0.115,0.781,1.792,1.600,0.143,0.049,0.280,6.490,-0.386,0
1969,6,2.053,1.741,1.589,0.830,0.788,-0.014,-0.084,0.829,1.825,1.603,0.152,0.070,0.340,6.500,-0.416,0
1969,7,2.022,1.684,1.544,0.769,0.733,-0.081,-0.136,0.774,1.820,1.625,0.140,0.055,0.300,6.480,-0.416,0
1969,8,2.144,1.730,1.614,0.861,0.824,0.032,-0.023,0.854,1.753,1.582,0.116,0.055,0.360,6.620,-0.294,0
1969,9,2.144,1.796,1.702,0.983,0.946,0.187,0.141,0.969,1.655,1.515,0.094,0.046,0.410,6.660,-0.020,0
1969,10,2.114,1.812,1.708,1.004,0.968,0.227,0.175,0.994,1.637,1.481,0.104,0.052,0.470,6.710,-0.203,0
1969,11,2.114,1.721,1.605,0.870,0.843,0.077,0.016,0.869,1.705,1.527,0.116,0.061,0.350,6.620,-0.447,0
1969,12,2.205,1.617,1.492,0.757,0.730,-0.035,-0.111,0.753,1.728,1.527,0.125,0.076,0.310,6.480,-0.416,0
1970,1,1.900,,1.443,0.696,0.672,-0.102,,,,1.545,,,0.280,6.470,-0.691,0
1970,2,1.900,,1.409,0.647,0.620,-0.169,,,,1.579,,,0.270,6.460,-0.630,0
1970,3,2.144,,1.470,0.730,0.696,-0.081,,,,1.551,,,0.230,6.490,-0.416,0
1970,4,2.083,,1.553,0.794,0.760,-0.032,,,,1.585,,,,,-0.386,5
1970,5,1.992,,1.562,0.803,0.766,-0.029,,,,1.591,,,0.300,6.540,-0.355,0
1970,6,1.931,,1.605,0.861,0.815,0.026,,,,1.579,,,0.370,6.570,-0.355,0
1970,7,2.022,,1.519,0.772,0.739,-0.044,,,,1.564,,,0.360,6.580,-0.416,0
1970,8,2.022,,1.544,0.794,0.763,-0.017,,,,1.561,,,0.230,6.550,-0.508,0
1970,9,2.053,,1.647,0.910,0.882,0.117,,,,1.530,,,0.300,6.540,-0.264,0
1970,10,2.235,,1.800,1.077,1.044,0.291,,,,1.509,,,0.440,6.690,-0.172,0
1970,11,2.053,,1.620,0.888,0.855,0.093,,,,1.527,,,0.280,6.590,-0.233,0
1970,12,2.296,,1.632,0.873,0.843,0.053,,,,1.579,,,0.270,6.610,-0.447,0
1971,1,1.931,,1.495,0.727,0.699,-0.096,,,,1.591,,,0.190,6.490,-0.782,0
1971,2,1.961,,1.419,0.663,0.632,-0.154,,,,1.573,,,0.170,6.430,-0.569,0
1971,3,2.068,,1.458,0.693,0.660,-0.139,,,,1.597,,,0.260,6.480,-0.435,0
1971,4,2.104,,1.483,0.736,0.699,-0.081,,,,1.564,,,0.250,6.490,-0.432,0
1971,5,2.104,,1.528,0.782,0.745,-0.038,,,,1.567,,,0.240,6.450,-0.380,0
1971,6,2.001,,1.559,0.809,0.775,-0.008,,,,1.567,,,0.280,6.480,-0.258,0
1971,7,1.818,,1.489,0.754,0.715,-0.060,,,,1.548,,,0.280,6.520,-0.398,0
1971,8,2.053,,1.595,0.864,0.827,0.059,,,,1.536,,,0.330,6.500,-0.255,0
1971,9,2.071,,1.705,0.980,0.934,0.163,,,,1.542,,,0.340,6.530,-0.227,0
1971,10,2.232,,1.797,1.059,1.013,0.230,,,,1.567,,,0.420,6.440,-0.215,0
1971,11,2.153,,1.736,0.992,0.946,0.157,,,,1.579,,,0.470,6.660,-0.371,0
1971,12,2.342,,1.638,0.870,0.833,0.029,,,,1.609,,,0.400,6.670,-0.380,0
1972,1,2.053,,1.559,0.803,0.760,-0.035,,,,1.594,,,,,-0.386,0
1972,2,1.900,,1.501,0.763,0.724,-0.051,,,,1.551,,,0.250,6.460,-0.782,0
1972,3,2.144,,1.534,0.785,0.745,-0.041,,,,1.576,,,0.280,6.480,-0.721,0
1972,4,,,1.568,0.821,0.779,-0.011,,,,1.579,,,,,,5
1972,5,,,1.684,0.968,0.925,0.166,,,,1.518,,,,,,5
1972,6,2.205,,1.644,0.907,0.864,0.081,,,,1.564,,,0.210,6.120,-0.355,0
1972,7,2.053,,1.528,0.751,0.708,-0.115,,,,1.643,,,,,-0.325,0
1972,8,2.022,,1.644,0.882,0.843,0.038,,,,1.606,,,0.210,6.470,-0.447,0
1972,9,,,1.681,0.937,0.900,0.120,,,,1.561,,,,,,5
1972,10,2.114,,1.730,0.995,0.964,0.196,,,,1.533,,,0.400,6.610,-0.264,0
1972,11,2.266,,1.751,1.004,0.971,0.190,,,,1.561,,,0.390,6.690,-0.264,0
1972,12,1.961,,1.592,0.843,0.812,0.032,,,,1.561,,,0.330,6.600,-0.630,0
1973,1,2.053,,1.656,0.897,0.882,0.108,,,,1.548,,,0.340,6.570,-0.325,0
1973,2,2.141,,1.662,0.907,0.882,0.102,,,,1.561,,,,,-0.468,5
1973,3,1.931,,1.672,0.919,0.885,0.099,,,,1.573,,,0.360,6.560,-0.596,0
1973,4,2.022,,1.611,0.843,0.803,-0.002,,,,1.612,,,0.270,6.450,-0.462,0
1973,5,2.111,,1.644,0.858,0.812,-0.020,,,,1.664,,,0.360,6.600,-0.517,0
1973,6,2.086,,1.595,0.818,0.775,-0.044,,,,1.640,,,0.320,6.500,-0.526,5
1973,7,2.086,,1.638,0.852,0.809,-0.020,,,,1.658,,,0.350,6.630,-0.450,0
1973,8,2.031,,1.662,0.879,0.843,0.020,,,,1.643,,,0.360,6.620,-0.294,0
1973,9,2.168,,1.754,1.007,0.964,0.175,,,,1.579,,,0.450,6.620,-0.319,0
1973,10,2.232,,1.797,1.071,1.028,0.263,,,,1.533,,,0.520,6.780,-0.014,0
1973,11,2.178,,1.638,0.894,0.858,0.074,,,,1.564,,,0.370,6.570,-0.243,0
1973,12,2.047,,1.528,0.757,0.730,-0.069,,,,1.597,,,0.290,6.520,-0.645,0
1974,1,2.120,,1.528,0.757,0.727,-0.078,,,,1.606,,,0.260,6.510,-0.535,0
1974,2,2.218,,1.611,0.833,0.791,-0.029,,,,1.640,,,0.340,6.590,-0.443,0
1974,3,1.873,,1.522,0.748,0.708,-0.102,,,,1.625,,,0.200,6.420,-0.593,0
1974,4,1.962,,1.556,0.772,0.733,-0.093,,,,1.649,,,0.260,6.410,-0.736,0
1974,5,2.248,1.790,1.675,0.894,0.852,0.026,-0.032,0.879,1.823,1.649,0.116,0.058,0.330,6.590,-0.291,0
1974,6,2.074,1.815,1.690,0.919,0.879,0.065,-0.008,0.904,1.823,1.625,0.125,0.073,0.330,6.580,-0.379,0
1974,7,2.330,1.769,1.641,0.873,0.833,0.026,-0.032,0.870,1.801,1.615,0.128,0.058,0.380,6.590,-0.443,0
1974,8,2.171,1.769,1.678,0.913,0.876,0.071,0.017,0.894,1.753,1.606,0.091,0.055,0.410,6.580,-0.282,0
1974,9,2.086,1.815,1.733,0.980,0.937,0.138,0.099,0.955,1.716,1.594,0.082,0.040,0.420,6.670,-0.249,0
1974,10,2.056,1.824,1.742,0.983,0.949,0.154,0.111,0.968,1.713,1.588,0.082,0.043,0.420,6.680,-0.248,0
1974,11,2.218,1.730,1.632,0.861,0.830,0.026,-0.047,0.839,1.777,1.606,0.098,0.073,0.370,6.570,-0.452,0
1974,12,1.995,1.681,1.571,0.775,0.739,-0.093,-0.154,0.763,1.835,1.664,0.110,0.061,0.290,6.520,-0.526,0
1975,1,1.873,1.617,1.516,0.711,0.681,-0.157,-0.224,0.696,1.841,1.673,0.101,0.067,0.220,6.440,-0.693,0
1975,2,1.977,1.723,1.644,0.867,0.827,0.010,-0.047,0.839,1.771,1.634,0.079,0.058,0.270,6.570,-0.769,0
1975,3,2.080,1.666,1.583,0.785,0.751,-0.084,-0.142,0.760,1.807,1.667,0.082,0.058,0.270,6.420,-0.523,0
1975,4,2.023,1.726,1.617,0.830,0.797,-0.023,-0.066,0.830,1.792,1.640,0.110,0.043,0.320,6.490,-0.501,0
1975,5,2.062,1.830,1.711,0.949,0.907,0.099,0.053,0.943,1.777,1.612,0.119,0.046,0.370,6.500,-0.364,0
1975,6,2.172,1.848,1.726,0.964,0.922,0.114,0.047,0.949,1.801,1.612,0.122,0.067,0.400,6.630,-0.184,0
1975,7,1.995,1.754,1.641,0.873,0.833,0.026,-0.032,0.861,1.786,1.615,0.113,0.058,0.400,6.600,-0.370,0
1975,8,1.949,1.733,1.626,0.855,0.818,0.010,-0.051,0.839,1.783,1.615,0.107,0.061,0.280,6.490,-0.519,0
1975,9,2.050,1.824,1.739,0.971,0.931,0.120,0.077,0.949,1.747,1.618,0.085,0.043,0.350,6.610,-0.321,0
1975,10,2.190,1.861,1.784,1.004,0.964,0.145,0.117,0.989,1.743,1.640,0.076,0.027,0.420,6.610,-0.227,0
1975,11,2.196,1.781,1.669,0.882,0.839,0.010,-0.047,0.867,1.829,1.658,0.113,0.058,0.360,6.600,-0.321,0
1975,12,2.096,1.772,1.638,0.849,0.806,-0.029,-0.081,0.846,1.853,1.667,0.134,0.052,0.380,6.600,-0.367,0
1976,1,1.870,1.562,1.461,0.660,0.629,-0.206,-0.273,0.644,1.835,1.667,0.101,0.067,0.350,6.570,-0.812,0
1976,2,1.809,1.480,1.397,0.596,0.574,-0.249,-0.316,0.583,1.795,1.646,0.082,0.067,0.230,6.490,-0.721,0
1976,3,1.931,1.611,1.537,0.739,0.711,-0.118,-0.169,0.721,1.780,1.655,0.073,0.052,0.300,6.480,-0.782,0
1976,4,2.023,1.684,1.577,0.794,0.757,-0.063,-0.108,0.788,1.792,1.640,0.107,0.046,0.350,6.500,-0.568,0
1976,5,2.114,1.760,1.641,0.855,0.818,-0.002,-0.069,0.846,1.829,1.643,0.119,0.067,0.340,6.590,-0.355,0
1976,6,2.084,1.827,1.699,0.919,0.879,0.059,0.004,0.916,1.823,1.640,0.128,0.055,0.360,6.520,-0.324,0
1976,7,1.962,1.723,1.617,0.809,0.772,-0.072,-0.133,0.794,1.856,1.689,0.107,0.061,0.320,6.530,-0.385,0
1976,8,1.992,1.763,1.669,0.876,0.839,0.007,-0.063,0.852,1.826,1.661,0.094,0.070,0.420,6.620,-0.294,0
1976,9,2.023,1.757,1.675,0.900,0.858,0.044,-0.005,0.876,1.762,1.631,0.082,0.049,0.390,6.570,-0.263,0
1976,10,1.931,1.739,1.659,0.891,0.852,0.044,0.013,0.876,1.725,1.615,0.079,0.030,0.390,6.590,-0.477,0
1976,11,2.205,1.656,1.571,0.791,0.751,-0.069,-0.124,0.766,1.780,1.640,0.085,0.055,0.440,6.590,-0.538,0
1976,12,1.992,1.653,1.562,0.775,0.745,-0.069,-0.133,0.760,1.786,1.631,0.091,0.064,0.440,6.630,-1.025,0
1977,1,1.809,1.507,1.416,0.638,0.611,-0.197,-0.270,0.617,1.777,1.612,0.091,0.073,0.310,6.480,-0.721,0
1977,2,1.809,1.510,1.434,0.626,0.596,-0.239,-0.294,0.608,1.804,1.673,0.076,0.055,0.200,6.390,-0.599,0
1977,3,1.962,1.647,1.577,0.791,0.751,-0.075,-0.133,0.757,1.780,1.652,0.070,0.058,0.240,6.450,-0.385,0
1977,4,1.992,1.626,1.537,0.733,0.696,-0.142,-0.175,0.724,1.801,1.679,0.088,0.034,0.290,6.530,-0.782,0
1977,5,2.266,1.800,1.684,0.873,0.827,-0.029,-0.075,0.861,1.875,1.713,0.116,0.046,0.330,6.520,-0.538,0
1977,6,2.297,1.824,1.699,0.894,0.852,0.007,-0.057,0.882,1.881,1.692,0.125,0.064,0.350,6.540,-0.568,0
1977,7,2.144,1.711,1.592,0.775,0.736,-0.121,-0.191,0.760,1.902,1.713,0.119,0.070,0.350,6.540,-0.629,0
1977,8,2.023,1.736,1.650,0.855,0.815,-0.020,-0.081,0.827,1.817,1.670,0.085,0.061,0.370,6.620,-0.263,0
1977,9,1.962,1.754,1.681,0.910,0.867,0.056,0.007,0.879,1.747,1.625,0.073,0.049,0.370,6.540,-0.202,0
1977,10,1.962,1.702,1.623,0.864,0.830,0.038,-0.005,0.849,1.707,1.585,0.079,0.043,0.400,6.660,-0.416,0
1977,11,2.114,1.812,1.717,0.952,0.907,0.099,0.050,0.931,1.762,1.618,0.094,0.049,0.390,6.600,-0.538,0
1977,12,2.084,1.705,1.595,0.809,0.772,-0.047,-0.111,0.797,1.817,1.643,0.110,0.064,0.350,6.560,-0.782,0
1978,1,2.023,1.537,1.440,0.638,0.608,-0.227,-0.297,0.620,1.835,1.667,0.098,0.070,0.320,6.560,-0.964,0
1978,2,2.023,1.684,1.617,0.812,0.775,-0.063,-0.139,0.772,1.823,1.679,0.067,0.076,0.200,6.530,-0.629,0
1978,3,2.205,1.675,1.589,0.785,0.751,-0.087,-0.139,0.766,1.814,1.676,0.085,0.052,0.250,6.470,-0.507,0
1978,4,2.114,1.702,1.617,0.806,0.766,-0.084,-0.124,0.791,1.826,1.701,0.085,0.040,0.280,6.450,-0.416,0
1978,5,2.084,1.720,1.623,0.809,0.772,-0.078,-0.133,0.794,1.853,1.701,0.098,0.055,0.250,6.510,-0.416,0
1978,6,2.084,1.742,1.617,0.824,0.785,-0.047,-0.111,0.815,1.853,1.664,0.125,0.064,0.330,6.530,-0.416,0
1978,7,2.236,1.711,1.595,0.809,0.772,-0.047,-0.124,0.794,1.835,1.643,0.116,0.076,0.360,6.530,-0.416,0
1978,8,2.023,1.693,1.605,0.818,0.782,-0.038,-0.096,0.797,1.789,1.643,0.088,0.058,0.320,6.490,-0.477,0
1978,9,2.114,1.824,1.751,0.989,0.946,0.145,0.102,0.961,1.722,1.606,0.073,0.043,0.400,6.580,-0.263,0
1978,10,2.084,1.806,1.739,0.974,0.934,0.132,0.096,0.949,1.710,1.606,0.067,0.037,0.480,6.670,-0.446,0
1978,11,2.144,1.854,1.757,0.974,0.934,0.111,0.068,0.961,1.786,1.646,0.098,0.043,0.400,6.640,-0.385,0
1978,12,2.144,1.647,1.553,0.748,0.711,-0.127,-0.191,0.727,1.838,1.679,0.094,0.064,0.380,6.540,-0.721,0
1979,1,1.962,1.574,1.449,0.623,0.599,-0.252,-0.331,0.617,1.905,1.701,0.125,0.079,0.290,6.530,-0.964,0
1979,2,2.023,1.595,1.522,0.715,0.684,-0.154,-0.218,0.687,1.814,1.676,0.073,0.064,0.240,6.420,-0.660,0
1979,3,1.931,1.617,1.550,0.730,0.696,-0.157,-0.200,0.708,1.817,1.707,0.067,0.043,0.270,6.480,-0.568,0
1979,4,2.327,1.659,1.586,0.788,0.751,-0.084,-0.127,0.766,1.786,1.670,0.073,0.043,0.340,6.570,-0.477,0
1979,5,1.901,1.696,1.586,0.794,0.754,-0.075,-0.121,0.788,1.817,1.661,0.110,0.046,0.250,6.510,-0.477,0
1979,6,2.205,1.778,1.669,0.888,0.846,0.026,-0.026,0.876,1.804,1.643,0.110,0.052,0.340,6.570,-0.355,0
1979,7,2.205,1.736,1.638,0.861,0.821,0.004,-0.051,0.843,1.786,1.634,0.098,0.055,0.310,6.490,-0.263,0
1979,8,2.023,1.714,1.617,0.827,0.791,-0.035,-0.084,0.815,1.798,1.652,0.098,0.049,0.230,6.440,-0.477,0
1979,9,2.632,1.842,1.748,0.974,0.925,0.105,0.068,0.955,1.774,1.643,0.094,0.037,0.350,6.560,-0.629,0
1979,10,2.084,1.778,1.687,0.900,0.858,0.032,-0.011,0.882,1.789,1.655,0.091,0.043,0.320,6.530,-0.538,0
1979,11,2.144,1.730,1.635,0.833,0.797,-0.041,-0.087,0.821,1.817,1.676,0.094,0.046,0.420,6.610,-0.446,0
1979,12,2.016,1.717,1.605,0.815,0.772,-0.060,-0.108,0.803,1.829,1.664,0.113,0.052,0.360,6.540,-0.514,0
1980,1,2.205,1.778,1.669,0.876,0.833,-0.005,-0.072,0.852,1.850,1.673,0.110,0.070,0.290,6.550,-0.355,0
1980,2,2.065,1.711,1.614,0.827,0.791,-0.035,-0.099,0.806,1.811,1.649,0.098,0.064,0.240,6.460,-0.535,0
1980,3,1.918,1.629,1.559,0.769,0.736,-0.090,-0.148,0.739,1.780,1.652,0.070,0.058,0.260,6.490,-0.685,0
1980,4,2.028,1.693,1.605,0.812,0.772,-0.060,-0.102,0.794,1.795,1.664,0.088,0.046,0.230,6.470,-0.733,0
1980,5,2.275,1.778,1.669,0.885,0.843,0.017,-0.026,0.876,1.804,1.652,0.107,0.043,0.280,6.520,-0.496,0
1980,6,2.251,1.787,1.656,0.867,0.824,-0.011,-0.057,0.864,1.844,1.667,0.128,0.049,0.320,6.520,-0.401,0
1980,7,2.016,1.708,1.595,0.785,0.748,-0.099,-0.157,0.775,1.865,1.695,0.113,0.055,0.440,6.700,-0.452,0
1980,8,2.065,1.681,1.571,0.754,0.727,-0.118,-0.172,0.754,1.856,1.689,0.113,0.055,0.330,6.510,-0.382,0
1980,9,2.212,1.745,1.666,0.879,0.839,0.013,-0.041,0.852,1.786,1.649,0.082,0.055,0.280,6.510,-0.376,0
1980,10,2.248,1.714,1.635,0.873,0.833,0.032,-0.011,0.852,1.725,1.603,0.079,0.043,0.400,6.620,-0.577,0
1980,11,2.126,1.687,1.595,0.824,0.794,-0.011,-0.069,0.809,1.756,1.603,0.091,0.058,0.330,6.550,-0.459,0
1980,12,2.117,1.666,1.562,0.791,0.757,-0.051,-0.108,0.779,1.774,1.615,0.104,0.058,0.410,6.610,-0.495,0
1981,1,1.915,1.577,1.483,0.708,0.678,-0.130,-0.194,0.690,1.771,1.612,0.091,0.064,0.380,6.580,-0.547,0
1981,2,1.803,1.589,1.501,0.696,0.672,-0.160,-0.215,0.687,1.804,1.661,0.088,0.058,0.420,6.660,-0.529,0
1981,3,1.918,1.586,1.501,0.733,0.693,-0.111,-0.175,0.705,1.762,1.612,0.085,0.064,0.380,6.590,-0.450,0
1981,4,1.940,1.608,1.525,0.730,0.693,-0.139,-0.191,0.708,1.798,1.664,0.082,0.049,0.460,6.680,-0.642,0
1981,5,2.245,1.760,1.641,0.849,0.806,-0.029,-0.069,0.846,1.829,1.673,0.116,0.037,0.450,6.640,-0.404,0
1981,6,2.040,1.662,1.531,0.724,0.681,-0.169,-0.227,0.718,1.890,1.704,0.131,0.055,0.370,6.590,-0.556,0
1981,7,2.086,1.757,1.632,0.830,0.788,-0.057,-0.118,0.818,1.875,1.689,0.125,0.064,0.380,6.630,-0.468,0
1981,8,2.004,1.751,1.656,0.873,0.833,0.010,-0.044,0.855,1.795,1.646,0.094,0.055,0.370,6.610,-0.261,0
1981,9,1.940,1.751,1.669,0.910,0.867,0.065,0.023,0.885,1.731,1.603,0.082,0.043,0.430,6.650,-0.310,0
1981,10,2.153,1.699,1.617,0.867,0.836,0.056,0.010,0.855,1.689,1.561,0.085,0.046,0.460,6.650,-0.270,0
1981,11,2.406,1.797,1.687,0.931,0.891,0.096,0.047,0.922,1.750,1.591,0.110,0.049,0.480,6.680,-0.328,0
1981,12,2.117,1.647,1.519,0.739,0.711,-0.093,-0.154,0.745,1.801,1.612,0.128,0.061,0.420,6.590,-0.532,0
1982,1,2.028,1.550,1.446,0.647,0.620,-0.206,-0.276,0.635,1.826,1.652,0.104,0.070,0.300,6.520,-0.724,0
1982,2,1.894,1.614,1.519,0.724,0.693,-0.133,-0.212,0.702,1.826,1.655,0.094,0.076,0.410,6.630,-0.681,0
1982,3,2.025,1.684,1.598,0.818,0.785,-0.032,-0.093,0.797,1.777,1.631,0.085,0.061,0.180,6.370,-0.550,0
1982,4,2.095,1.644,1.531,0.748,0.715,-0.102,-0.154,0.745,1.798,1.634,0.113,0.052,0.290,6.500,-0.489,0
1982,5,2.053,1.687,1.580,0.797,0.757,-0.066,-0.115,0.788,1.801,1.649,0.107,0.046,0.300,6.520,-0.520,0
1982,6,2.440,1.821,1.681,0.894,0.855,0.029,-0.035,0.894,1.856,1.652,0.140,0.064,0.320,6.560,-0.508,0
1982,7,2.047,1.684,1.562,0.797,0.757,-0.047,-0.111,0.785,1.795,1.609,0.122,0.067,0.330,6.530,-0.496,0
1982,8,2.083,1.717,1.589,0.827,0.791,-0.008,-0.078,0.818,1.795,1.600,0.125,0.070,0.390,6.560,-0.465,0
1982,9,1.979,1.757,1.656,0.916,0.876,0.099,0.053,0.907,1.704,1.561,0.101,0.043,0.370,6.610,-0.212,0
1982,10,2.004,1.821,1.736,0.995,0.952,0.169,0.126,0.974,1.695,1.570,0.085,0.043,0.490,6.730,-0.111,0
1982,11,2.104,1.833,1.723,0.971,0.931,0.138,0.081,0.955,1.753,1.585,0.110,0.058,0.510,6.730,-0.474,0
1982,12,2.211,1.818,1.687,0.900,0.861,0.038,-0.023,0.897,1.844,1.649,0.134,0.061,0.390,6.610,-0.541,0
1983,1,2.245,1.851,1.733,0.946,0.907,0.081,0.017,0.934,1.835,1.652,0.119,0.064,0.400,6.590,-0.279,0
1983,2,2.318,1.772,1.681,0.916,0.882,0.081,0.017,0.894,1.756,1.597,0.094,0.064,0.390,6.580,-0.337,0
1983,3,2.208,1.772,1.696,0.919,0.879,0.059,-0.005,0.885,1.777,1.637,0.076,0.064,0.300,6.590,-0.441,0
1983,4,1.998,1.711,1.614,0.849,0.809,0.004,-0.035,0.839,1.743,1.609,0.098,0.037,0.250,6.530,-0.435,0
1983,5,2.059,1.684,1.565,0.809,0.772,-0.020,-0.060,0.812,1.743,1.588,0.116,0.040,0.240,6.460,-0.395,0
1983,6,2.254,1.790,1.659,0.916,0.873,0.090,0.029,0.910,1.762,1.570,0.131,0.061,0.370,6.580,-0.179,0
1983,7,2.175,1.778,1.650,0.888,0.852,0.053,-0.017,0.882,1.792,1.597,0.128,0.067,0.350,6.590,-0.279,0
1983,8,2.056,1.726,1.611,0.849,0.812,0.017,-0.044,0.839,1.771,1.594,0.116,0.061,0.380,6.560,-0.465,0
1983,9,2.065,1.848,1.739,0.989,0.946,0.154,0.096,0.974,1.753,1.582,0.110,0.058,0.500,6.730,-0.352,0
1983,10,2.223,1.894,1.790,1.047,1.004,0.218,0.181,1.038,1.713,1.573,0.104,0.037,0.450,6.710,-0.215,0
1983,11,2.141,1.775,1.675,0.913,0.873,0.071,0.017,0.897,1.759,1.606,0.101,0.052,0.420,6.630,-0.364,0
1983,12,2.120,1.675,1.544,0.785,0.751,-0.044,-0.127,0.772,1.798,1.588,0.128,0.082,0.490,6.760,-0.648,0
1984,1,2.153,1.751,1.617,0.858,0.827,0.035,-0.047,0.852,1.798,1.582,0.134,0.082,0.470,6.690,-0.697,0
1984,2,2.007,1.605,1.486,0.721,0.696,-0.096,-0.185,0.711,1.789,1.585,0.116,0.088,0.380,6.620,-0.553,0
1984,3,2.287,1.690,1.598,0.830,0.794,-0.011,-0.078,0.806,1.768,1.609,0.091,0.067,0.310,6.520,-0.502,0
1984,4,2.135,1.763,1.644,0.888,0.849,0.056,0.013,0.888,1.747,1.585,0.119,0.043,0.190,6.440,-0.398,0
1984,5,2.077,1.702,1.568,0.803,0.769,-0.026,-0.075,0.812,1.780,1.597,0.134,0.049,0.270,6.480,-0.471,0
1984,6,2.025,1.772,1.626,0.867,0.827,0.029,-0.026,0.873,1.801,1.597,0.149,0.055,0.200,6.430,-0.325,0
1984,7,2.117,1.690,1.544,0.754,0.721,-0.102,-0.163,0.763,1.853,1.649,0.146,0.061,0.270,6.490,-0.404,0
1984,8,2.226,1.723,1.605,0.830,0.794,-0.017,-0.072,0.827,1.795,1.622,0.119,0.055,0.320,6.520,-0.328,0
1984,9,2.077,1.821,1.723,0.980,0.943,0.163,0.099,0.961,1.722,1.561,0.098,0.064,0.490,6.670,-0.282,0
1984,10,2.251,1.897,1.794,1.059,1.022,0.248,0.215,1.056,1.682,1.545,0.104,0.034,0.460,6.650,-0.203,0
1984,11,2.336,1.851,1.736,1.007,0.971,0.206,0.157,1.004,1.695,1.530,0.116,0.049,0.470,6.700,-0.252,0
1984,12,2.074,1.733,1.614,0.879,0.843,0.071,0.020,0.876,1.713,1.542,0.119,0.052,0.370,6.580,-0.355,0
1985,1,1.986,1.629,1.507,0.779,0.739,-0.032,-0.099,0.766,1.728,1.539,0.122,0.067,0.260,6.510,-0.513,0
1985,2,2.102,1.608,1.507,0.742,0.715,-0.081,-0.151,0.730,1.759,1.588,0.101,0.070,0.240,6.430,-0.434,0
1985,3,2.029,1.620,1.525,0.782,0.751,-0.020,-0.081,0.769,1.701,1.545,0.098,0.058,0.250,6.470,-0.510,0
1985,4,1.986,1.614,1.504,0.748,0.718,-0.072,-0.115,0.751,1.731,1.576,0.110,0.043,0.290,6.500,-0.562,0
1985,5,2.227,1.778,1.662,0.904,0.861,0.062,0.017,0.897,1.762,1.597,0.119,0.046,0.340,6.560,-0.422,0
1985,6,2.102,1.730,1.589,0.827,0.785,-0.017,-0.081,0.824,1.807,1.606,0.140,0.064,0.330,6.580,-0.367,0
1985,7,2.077,1.784,1.644,0.879,0.843,0.041,-0.026,0.879,1.811,1.603,0.140,0.067,,,-0.282,11
1985,8,,1.848,1.730,0.986,0.949,0.169,0.117,0.983,1.731,1.561,0.119,0.052,,,,11
1985,9,2.153,1.839,1.754,1.025,0.986,0.218,0.169,1.004,1.670,1.536,0.088,0.049,0.500,6.720,0.010,0
1985,10,2.306,1.931,1.836,1.123,1.083,0.327,0.282,1.108,1.646,1.509,0.094,0.046,0.570,6.790,-0.063,0
1985,11,2.126,1.784,1.653,0.928,0.888,0.123,0.077,0.931,1.707,1.530,0.131,0.046,0.400,6.700,-0.279,0
1985,12,1.998,1.586,1.461,0.724,0.693,-0.078,-0.157,0.715,1.743,1.542,0.125,0.079,0.290,6.540,-0.441,0
1986,1,2.141,1.626,1.486,0.733,0.702,-0.081,-0.154,0.736,1.777,1.567,0.140,0.073,0.270,6.530,-0.575,0
1986,2,1.961,1.669,1.559,0.812,0.775,-0.011,-0.066,0.800,1.734,1.570,0.107,0.058,0.270,6.510,-0.441,0
1986,3,1.989,1.571,1.480,0.730,0.699,-0.081,-0.121,0.724,1.692,1.561,0.091,0.040,0.340,6.490,-0.368,0
1986,4,2.193,1.766,1.647,0.900,0.861,0.074,0.038,0.904,1.725,1.573,0.119,0.034,0.290,6.470,-0.343,0
1986,5,2.162,1.803,1.678,0.940,0.900,0.120,0.081,0.940,1.722,1.558,0.125,0.043,0.350,6.550,-0.352,0
1986,6,2.418,1.836,1.693,0.961,0.919,0.148,0.087,0.961,1.750,1.545,0.143,0.061,0.440,6.620,-0.179,0
1986,7,2.171,1.720,1.577,0.843,0.812,0.044,-0.023,0.849,1.743,1.533,0.143,0.067,0.410,6.610,-0.319,0
1986,8,2.013,1.684,1.565,0.852,0.821,0.074,0.017,0.852,1.667,1.494,0.119,0.058,0.340,6.550,-0.310,0
1986,9,2.144,1.784,1.678,0.961,0.928,0.175,0.126,0.955,1.658,1.503,0.107,0.052,0.370,6.570,-0.096,0
1986,10,1.989,1.754,1.662,0.952,0.910,0.157,0.120,0.937,1.634,1.506,0.091,0.037,0.390,6.590,-0.304,0
1986,11,2.260,1.827,1.702,0.977,0.937,0.172,0.117,0.971,1.710,1.533,0.125,0.055,0.470,6.740,-0.060,0
1986,12,2.388,1.848,1.702,0.952,0.919,0.138,0.071,0.961,1.777,1.564,0.149,0.067,0.470,6.700,-0.307,0
1987,1,2.684,1.720,1.595,0.849,0.812,0.029,-0.054,0.833,1.774,1.567,0.125,0.082,0.360,6.530,-0.553,0
1987,2,2.235,1.714,1.611,0.885,0.855,0.102,0.023,0.867,1.689,1.509,0.104,0.076,0.350,6.640,-0.246,0
1987,3,2.016,1.769,1.675,0.937,0.900,0.126,0.059,0.916,1.710,1.548,0.094,0.067,0.390,6.590,-0.425,0
1987,4,2.062,1.641,1.544,0.812,0.775,0.007,-0.035,0.803,1.676,1.536,0.098,0.043,0.340,6.570,-0.413,0
1987,5,1.992,1.723,1.583,0.861,0.824,0.065,0.026,0.873,1.698,1.518,0.137,0.040,0.330,6.540,-0.255,0
1987,6,2.098,1.666,1.519,0.782,0.748,-0.020,-0.072,0.797,1.737,1.539,0.146,0.052,0.350,6.570,-0.462,0
1987,7,2.117,1.720,1.589,0.849,0.815,0.041,-0.011,0.855,1.731,1.548,0.131,0.055,0.410,6.600,-0.313,0
1987,8,2.117,1.699,1.589,0.852,0.821,0.053,-0.005,0.846,1.704,1.536,0.110,0.058,0.430,6.630,-0.316,0
1987,9,2.220,1.775,1.666,0.934,0.894,0.126,0.077,0.928,1.698,1.539,0.110,0.049,0.380,6.570,-0.227,0
1987,10,2.077,1.790,1.684,0.958,0.922,0.160,0.126,0.958,1.664,1.524,0.110,0.034,0.380,6.550,-0.389,0
1987,11,2.013,1.766,1.644,0.907,0.873,0.099,0.053,0.910,1.716,1.545,0.122,0.046,0.500,6.800,-0.285,0
1987,12,2.022,1.629,1.492,0.739,0.708,-0.075,-0.130,0.751,1.759,1.567,0.137,0.055,0.440,6.640,-0.425,0
1988,1,2.013,1.632,1.504,0.766,0.733,-0.038,-0.096,0.766,1.725,1.542,0.128,0.058,0.380,6.610,-0.468,0
1988,2,2.028,1.598,1.498,0.757,0.727,-0.044,-0.121,0.739,1.719,1.542,0.104,0.073,0.290,6.480,-0.523,0
1988,3,1.970,1.565,1.461,0.721,0.693,-0.075,-0.130,0.718,1.698,1.539,0.104,0.055,0.280,6.570,-0.584,0
1988,4,2.107,1.690,1.568,0.843,0.800,0.035,-0.005,0.843,1.695,1.533,0.125,0.040,0.270,6.510,-0.346,0
1988,5,1.918,1.696,1.553,0.812,0.772,-0.008,-0.063,0.815,1.759,1.558,0.143,0.055,0.380,6.680,-0.358,0
1988,6,2.019,1.748,1.595,0.870,0.830,0.062,0.004,0.876,1.743,1.533,0.152,0.058,0.460,6.720,-0.246,0
1988,7,2.043,1.672,1.522,0.763,0.727,-0.072,-0.133,0.769,1.804,1.594,0.149,0.061,0.380,6.620,-0.368,0
1988,8,2.004,1.714,1.589,0.824,0.785,-0.017,-0.087,0.812,1.801,1.606,0.125,0.070,0.370,6.550,-0.432,0
1988,9,2.147,1.800,1.693,0.964,0.919,0.148,0.093,0.946,1.704,1.545,0.107,0.055,0.420,6.620,-0.300,0
1988,10,2.068,1.815,1.717,1.004,0.968,0.221,0.166,0.992,1.649,1.497,0.101,0.055,0.450,6.680,-0.380,0
1988,11,2.013,1.684,1.565,0.846,0.809,0.053,0.007,0.846,1.676,1.512,0.119,0.049,0.390,6.650,-0.410,0
1988,12,2.001,1.635,1.507,0.779,0.748,-0.008,-0.066,0.785,1.701,1.518,0.128,0.055,0.320,6.660,-0.368,0
1989,1,1.982,1.638,1.513,0.785,0.754,-0.008,-0.084,0.775,1.722,1.524,0.122,0.076,0.370,6.650,-0.444,0
1989,2,1.970,1.598,1.498,0.751,0.718,-0.063,-0.130,0.733,1.728,1.561,0.101,0.067,0.390,6.590,-0.438,0
1989,3,2.232,1.696,1.595,0.873,0.836,0.081,0.023,0.861,1.676,1.512,0.104,0.061,0.310,6.560,-0.334,0
1989,4,1.943,1.653,1.553,0.800,0.769,-0.017,-0.060,0.797,1.713,1.570,0.098,0.046,0.420,6.600,-0.934,0
1989,5,2.168,1.708,1.583,0.827,0.788,-0.008,-0.060,0.824,1.768,1.588,0.125,0.052,0.360,6.560,-0.358,0
1989,6,2.196,1.681,1.531,0.766,0.727,-0.078,-0.136,0.772,1.817,1.609,0.146,0.058,0.380,6.540,-0.435,0
1989,7,2.098,1.696,1.556,0.803,0.769,-0.020,-0.093,0.800,1.789,1.576,0.137,0.073,0.370,6.600,-0.294,0
1989,8,1.891,1.726,1.620,0.882,0.839,0.062,0.013,0.870,1.716,1.561,0.107,0.049,0.350,6.570,-0.294,0
1989,9,3.817,1.884,1.759,1.009,0.982,0.205,0.148,1.016,1.736,1.554,0.125,0.057,0.510,6.690,-0.337,0
1989,10,,1.790,1.684,0.968,0.925,0.163,0.111,0.952,1.679,1.521,0.107,0.052,,,,11
1989,11,2.056,1.662,1.537,0.803,0.772,0.004,-0.044,0.809,1.707,1.533,0.122,0.049,0.460,6.610,-0.471,0
1989,12,2.031,1.629,1.495,0.745,0.718,-0.063,-0.130,0.748,1.759,1.558,0.131,0.070,0.430,6.620,-0.483,0
1990,1,1.979,1.519,1.416,0.644,0.617,-0.179,-0.243,0.638,1.762,1.594,0.104,0.064,0.270,6.500,-0.547,0
1990,2,1.885,1.574,1.473,0.715,0.684,-0.108,-0.185,0.696,1.759,1.582,0.101,0.076,0.350,6.560,-0.779,0
1990,3,2.162,1.711,1.608,0.849,0.812,0.017,-0.041,0.836,1.753,1.591,0.104,0.058,0.320,6.470,-0.255,0
1990,4,1.943,1.669,1.547,0.794,0.754,-0.038,-0.093,0.788,1.762,1.588,0.122,0.052,0.250,6.440,-0.560,0
1990,5,2.257,1.711,1.586,0.827,0.791,-0.005,-0.069,0.821,1.780,1.591,0.122,0.064,0.370,6.560,-0.419,0
1990,6,2.101,1.772,1.632,0.888,0.846,0.062,-0.005,0.882,1.777,1.573,0.140,0.067,0.370,6.600,-0.441,0
1990,7,1.934,1.726,1.592,0.858,0.821,0.047,-0.023,0.852,1.750,1.545,0.134,0.070,0.480,6.660,-0.428,0
1990,8,,1.760,1.632,0.916,0.873,0.111,0.047,0.904,1.713,1.521,0.128,0.064,,,,11
1990,9,,1.824,1.726,1.007,0.958,0.190,0.151,0.986,1.673,1.536,0.098,0.040,,,,11
1990,10,2.184,1.833,1.733,1.001,0.955,0.181,0.120,0.977,1.713,1.551,0.101,0.061,0.470,6.650,-0.392,0
1990,11,,1.824,1.690,0.940,0.894,0.099,0.041,0.931,1.783,1.591,0.134,0.058,,,,11
1990,12,,1.748,1.611,0.843,0.803,-0.005,-0.075,0.836,1.823,1.615,0.137,0.070,,,,11
1991,1,,1.803,1.672,0.907,0.864,0.056,-0.017,0.891,1.820,1.615,0.131,0.073,,,,11
1991,2,,1.620,1.519,0.751,0.724,-0.069,-0.142,0.739,1.762,1.588,0.101,0.073,,,,11
1991,3,2.022,1.711,1.617,0.852,0.815,0.017,-0.041,0.836,1.753,1.600,0.094,0.058,0.360,6.590,-0.425,0
1991,4,2.025,1.708,1.595,0.843,0.806,0.017,-0.029,0.839,1.737,1.579,0.113,0.046,0.320,6.570,-0.307,0
1991,5,2.162,1.815,1.684,0.943,0.904,0.123,0.068,0.940,1.747,1.561,0.128,0.055,0.320,6.570,-0.267,0
1991,6,2.111,1.873,1.736,0.992,0.955,0.175,0.111,0.992,1.762,1.561,0.137,0.061,0.490,6.760,-0.413,0
1991,7,2.327,1.800,1.681,0.919,0.876,0.074,0.017,0.907,1.780,1.609,0.116,0.055,0.370,6.600,-0.215,0
1991,8,2.159,1.806,1.699,0.943,0.900,0.102,0.047,0.925,1.762,1.597,0.107,0.058,0.340,6.570,-0.328,0
1991,9,2.165,1.906,1.815,1.074,1.038,0.260,0.202,1.053,1.704,1.554,0.091,0.058,0.510,6.680,-0.069,0
1991,10,2.153,1.925,1.818,1.080,1.038,0.260,0.227,1.077,1.698,1.558,0.107,0.034,0.480,6.730,-0.044,0
1991,11,2.232,1.842,1.714,0.964,0.928,0.138,0.093,0.968,1.750,1.576,0.128,0.046,0.450,6.680,-0.462,0
1991,12,2.022,1.617,1.495,0.745,0.711,-0.072,-0.133,0.742,1.750,1.567,0.122,0.061,0.380,6.620,-0.553,0
1992,1,2.068,1.699,1.565,0.815,0.782,-0.002,-0.075,0.812,1.774,1.567,0.134,0.073,0.390,6.580,-0.694,0
1992,2,2.019,1.690,1.598,0.855,0.815,0.032,-0.047,0.821,1.737,1.567,0.091,0.079,0.350,6.610,-0.535,0
1992,3,1.830,1.580,1.498,0.745,0.708,-0.084,-0.142,0.721,1.722,1.585,0.082,0.058,0.310,6.500,-0.608,0
1992,4,1.998,1.726,1.617,0.864,0.827,0.038,-0.008,0.861,1.734,1.582,0.110,0.043,0.360,6.540,-0.322,0
1992,5,2.062,1.845,1.714,0.971,0.928,0.142,0.077,0.961,1.768,1.573,0.131,0.064,0.390,6.690,-0.282,0
1992,6,2.257,1.928,1.784,1.032,0.989,0.190,0.120,1.022,1.807,1.594,0.143,0.073,0.340,6.600,-0.105,0
1992,7,2.126,1.754,1.623,0.836,0.800,-0.023,-0.090,0.830,1.844,1.646,0.131,0.067,0.350,6.560,-0.432,0
1992,8,2.001,1.766,1.672,0.891,0.852,0.035,-0.035,0.864,1.798,1.634,0.094,0.070,0.450,6.590,-0.428,0
1992,9,2.306,1.870,1.775,1.022,0.986,0.196,0.148,1.007,1.722,1.579,0.094,0.049,0.440,6.630,-0.227,0
1992,10,2.132,1.900,1.803,1.068,1.025,0.248,0.199,1.050,1.701,1.554,0.098,0.052,0.480,6.710,-0.145,0
1992,11,2.306,1.830,1.726,0.980,0.940,0.157,0.108,0.971,1.722,1.570,0.104,0.049,0.510,6.730,-0.233,0
1992,12,2.071,1.656,1.550,0.806,0.772,-0.005,-0.075,0.791,1.728,1.554,0.107,0.070,0.480,6.690,-0.651,0
1993,1,2.235,1.794,1.681,0.943,0.910,0.138,0.084,0.937,1.710,1.539,0.113,0.058,0.380,6.620,-0.267,0
1993,2,2.339,1.760,1.687,0.934,0.891,0.096,0.032,0.894,1.728,1.591,0.073,0.064,0.390,6.590,-0.166,0
1993,3,2.059,1.656,1.534,0.772,0.742,-0.051,-0.136,0.760,1.792,1.585,0.122,0.085,0.310,6.540,-1.245,0
1993,4,2.257,1.733,1.626,0.855,0.818,0.007,-0.047,0.843,1.780,1.618,0.107,0.055,0.240,6.470,-0.435,0
1993,5,2.022,1.757,1.647,0.870,0.827,0.010,-0.044,0.858,1.801,1.637,0.113,0.055,0.330,6.560,-0.349,0
1993,6,2.141,1.778,1.650,0.882,0.843,0.032,-0.020,0.879,1.801,1.618,0.128,0.052,0.370,6.590,-0.310,0
1993,7,2.028,1.739,1.614,0.843,0.803,-0.008,-0.081,0.830,1.817,1.622,0.125,0.070,0.380,6.580,-0.249,0
1993,8,2.190,1.757,1.672,0.913,0.873,0.077,0.017,0.885,1.740,1.594,0.085,0.061,0.420,6.580,-0.267,0
1993,9,2.138,1.769,1.699,0.953,0.910,0.120,0.068,0.919,1.701,1.579,0.070,0.052,0.400,6.600,-0.273,0
1993,10,2.321,1.879,1.787,1.053,1.010,0.233,0.190,1.035,1.686,1.554,0.091,0.040,0.480,6.720,-0.197,0
1993,11,2.171,1.806,1.705,0.949,0.913,0.123,0.059,0.934,1.747,1.579,0.101,0.064,0.410,6.640,-0.392,0
1993,12,2.220,1.726,1.620,0.852,0.812,0.001,-0.072,0.827,1.798,1.618,0.107,0.070,0.360,6.600,-0.672,0
1994,1,1.998,1.617,1.519,0.727,0.701,-0.117,-0.188,0.715,1.805,1.636,0.098,0.071,0.260,6.520,-0.486,0
1994,2,1.958,1.686,1.603,0.834,0.800,-0.004,-0.067,0.810,1.753,1.607,0.083,0.063,0.260,6.510,-0.447,0
1994,3,2.071,1.686,1.601,0.808,0.772,-0.057,-0.122,0.782,1.808,1.658,0.085,0.065,0.280,6.530,-0.596,0
1994,4,2.050,1.647,1.544,0.765,0.728,-0.089,-0.127,0.760,1.774,1.633,0.103,0.038,0.270,6.500,-0.563,0
1994,5,2.370,1.824,1.709,0.948,0.907,0.104,0.050,0.937,1.774,1.605,0.115,0.054,0.380,6.590,-0.300,0
1994,6,2.013,1.737,1.609,0.832,0.796,-0.017,-0.081,0.828,1.818,1.626,0.128,0.064,0.380,6.630,-0.474,0
1994,7,1.992,1.660,1.545,0.776,0.744,-0.057,-0.128,0.766,1.788,1.602,0.115,0.071,0.360,6.550,-0.316,0
1994,8,2.117,1.729,1.627,0.882,0.845,0.062,0.001,0.865,1.728,1.565,0.102,0.061,0.330,6.540,-0.334,0
1994,9,2.132,1.837,1.746,1.005,0.965,0.184,0.140,0.989,1.697,1.562,0.091,0.044,0.320,6.550,-0.185,0
1994,10,2.235,1.933,1.855,1.105,1.058,0.260,0.223,1.078,1.710,1.595,0.078,0.037,0.460,6.670,-0.038,0
1994,11,2.050,1.798,1.696,0.922,0.884,0.072,0.014,0.906,1.784,1.624,0.102,0.058,0.460,6.690,-0.486,0
1994,12,2.440,1.977,1.854,1.072,1.028,0.201,0.143,1.060,1.834,1.653,0.123,0.058,0.490,6.750,-0.279,0
1995,1,2.144,1.737,1.627,0.829,0.791,-0.046,-0.106,0.816,1.843,1.673,0.110,0.060,0.390,6.590,-0.358,0
1995,2,1.797,1.565,1.484,0.709,0.672,-0.141,-0.203,0.681,1.768,1.625,0.081,0.062,0.300,6.500,-0.727,0
1995,3,2.211,1.763,1.689,0.909,0.871,0.052,0.007,0.885,1.756,1.637,0.074,0.045,0.360,6.550,-0.284,0
1995,4,2.095,1.779,1.678,0.910,0.867,0.055,0.013,0.896,1.766,1.623,0.101,0.042,0.360,6.600,-0.352,0
1995,5,2.248,1.833,1.718,0.958,0.917,0.115,0.059,0.946,1.774,1.603,0.115,0.056,0.350,6.520,-0.297,0
1995,6,2.193,1.827,1.700,0.937,0.895,0.089,0.043,0.935,1.784,1.611,0.127,0.046,0.320,6.590,-0.371,0
1995,7,2.278,1.788,1.679,0.899,0.857,0.034,-0.018,0.885,1.806,1.645,0.109,0.052,0.340,6.580,-0.221,0
1995,8,2.284,1.977,1.891,1.127,1.080,0.269,0.217,1.097,1.760,1.622,0.086,0.052,0.490,6.670,-0.316,0
1995,9,2.293,1.992,1.907,1.152,1.109,0.311,0.265,1.129,1.727,1.596,0.085,0.046,0.500,6.710,0.081,0
1995,10,2.147,1.928,1.840,1.077,1.034,0.228,0.191,1.060,1.737,1.612,0.088,0.037,0.560,6.730,-0.151,0
1995,11,2.184,1.790,1.681,0.907,0.868,0.055,0.000,0.895,1.790,1.626,0.109,0.055,0.440,6.640,-0.355,0
1995,12,2.187,1.772,1.666,0.894,0.852,0.038,-0.015,0.879,1.787,1.628,0.106,0.053,0.480,6.720,-0.322,0
1996,1,2.123,1.681,1.570,0.795,0.762,-0.046,-0.121,0.780,1.802,1.616,0.111,0.075,0.420,6.650,-0.674,0
1996,2,1.959,1.594,1.512,0.725,0.692,-0.129,-0.179,0.708,1.773,1.641,0.082,0.050,0.350,6.560,-0.636,0
1996,3,2.062,1.581,1.506,0.726,0.697,-0.112,-0.160,0.711,1.741,1.618,0.075,0.048,0.420,6.630,-0.782,0
1996,4,1.873,1.620,1.534,0.750,0.717,-0.101,-0.149,0.736,1.769,1.635,0.086,0.048,0.330,6.520,-0.518,0
1996,5,2.174,1.753,1.646,0.845,0.811,-0.024,-0.079,0.837,1.832,1.670,0.107,0.055,0.410,6.610,-0.326,0
1996,6,2.153,1.758,1.639,0.858,0.817,-0.005,-0.065,0.847,1.823,1.644,0.119,0.060,0.400,6.590,-0.243,0
1996,7,2.122,1.721,1.600,0.779,0.748,-0.104,-0.188,0.767,1.909,1.704,0.121,0.084,0.380,6.610,-0.539,0
1996,8,2.143,1.787,1.707,0.905,0.867,0.027,-0.034,0.877,1.821,1.680,0.080,0.061,0.390,6.610,-0.386,0
1996,9,2.113,1.820,1.758,0.989,0.947,0.136,0.092,0.956,1.728,1.622,0.062,0.044,0.500,6.670,-0.156,0
1996,10,2.426,1.921,1.834,1.076,1.033,0.232,0.182,1.052,1.739,1.602,0.087,0.050,0.520,6.770,-0.162,0
1996,11,2.084,1.816,1.725,0.972,0.934,0.142,0.091,0.954,1.725,1.583,0.091,0.051,0.530,6.730,-0.307,0
1996,12,2.102,1.730,1.642,0.875,0.840,0.038,-0.022,0.854,1.752,1.604,0.088,0.060,0.460,6.630,-0.611,0
1997,1,2.263,1.656,1.569,0.795,0.761,-0.047,-0.130,0.763,1.786,1.616,0.087,0.083,0.380,6.650,-0.703,0
1997,2,2.171,1.716,1.648,0.851,0.816,-0.017,-0.068,0.824,1.784,1.665,0.068,0.051,0.450,6.600,-0.430,0
1997,3,1.991,1.712,1.633,0.857,0.819,0.004,-0.054,0.829,1.766,1.629,0.079,0.058,0.410,6.650,-0.499,0
1997,4,2.128,1.805,1.731,0.954,0.908,0.085,0.034,0.920,1.771,1.646,0.074,0.051,0.410,6.660,-0.389,0
1997,5,2.185,1.766,1.663,0.874,0.830,-0.003,-0.054,0.856,1.820,1.666,0.103,0.051,0.410,6.670,-0.383,0
1997,6,2.265,1.882,1.771,0.993,0.949,0.127,0.067,0.975,1.815,1.644,0.111,0.060,0.470,6.770,-0.260,0
1997,7,2.163,1.830,1.714,0.931,0.888,0.061,0.000,0.915,1.830,1.653,0.116,0.061,0.460,6.700,-0.297,0
1997,8,2.256,1.840,1.752,0.989,0.947,0.141,0.089,0.965,1.751,1.611,0.088,0.052,0.450,6.660,-0.368,0
1997,9,2.179,1.889,1.811,1.053,1.008,0.205,0.165,1.027,1.724,1.606,0.078,0.040,0.510,6.720,-0.160,0
1997,10,2.227,1.829,1.757,1.008,0.964,0.171,0.132,0.981,1.697,1.586,0.072,0.039,0.480,6.710,-0.212,0
1997,11,2.135,1.736,1.635,0.866,0.826,0.017,-0.038,0.849,1.774,1.618,0.101,0.055,0.460,6.680,-0.550,0
1997,12,2.244,1.729,1.616,0.830,0.792,-0.032,-0.094,0.818,1.823,1.648,0.113,0.062,0.450,6.710,-0.681,0
1998,1,2.296,1.745,1.628,0.835,0.791,-0.046,-0.101,0.822,1.846,1.674,0.117,0.055,0.390,6.630,-0.530,0
1998,2,2.295,1.881,1.794,1.011,0.968,0.141,0.074,0.978,1.807,1.653,0.087,0.067,0.390,6.730,-0.341,0
1998,3,2.087,1.741,1.659,0.843,0.805,-0.049,-0.105,0.818,1.846,1.708,0.082,0.056,0.380,6.630,-0.542,0
1998,4,2.216,1.766,1.667,0.870,0.831,-0.006,-0.057,0.855,1.823,1.673,0.099,0.051,0.400,6.670,-0.525,0
1998,5,2.210,1.862,1.744,0.967,0.921,0.098,0.053,0.958,1.809,1.646,0.118,0.045,0.430,6.670,-0.359,0
1998,6,2.064,1.733,1.620,0.835,0.796,-0.029,-0.077,0.828,1.810,1.649,0.113,0.048,0.450,6.660,-0.358,0
1998,7,2.033,1.704,1.587,0.816,0.780,-0.028,-0.091,0.807,1.795,1.615,0.117,0.063,0.430,6.660,-0.463,0
1998,8,2.012,1.746,1.643,0.888,0.849,0.055,-0.011,0.868,1.757,1.588,0.103,0.066,0.460,6.710,-0.253,0
1998,9,2.058,1.798,1.706,0.942,0.899,0.092,0.047,0.923,1.751,1.614,0.092,0.045,0.460,6.660,-0.511,0
1998,10,2.172,1.789,1.707,0.946,0.907,0.106,0.066,0.928,1.723,1.601,0.082,0.040,0.520,6.740,-0.261,0
1998,11,2.225,1.726,1.639,0.859,0.823,0.006,-0.031,0.848,1.757,1.633,0.087,0.037,0.460,6.730,-0.339,0
1998,12,2.009,1.772,1.659,0.857,0.822,-0.016,-0.079,0.847,1.851,1.675,0.113,0.063,0.570,6.830,-0.516,0
1999,1,2.285,1.737,1.632,0.832,0.798,-0.036,-0.103,0.817,1.840,1.668,0.105,0.067,0.510,6.730,-0.475,0
1999,2,2.255,1.803,1.728,0.966,0.922,0.115,0.051,0.927,1.752,1.613,0.075,0.064,0.500,6.710,-0.295,0
1999,3,1.985,1.726,1.647,0.863,0.828,0.008,-0.050,0.838,1.776,1.639,0.079,0.058,0.500,6.720,-0.431,0
1999,4,2.176,1.749,1.662,0.892,0.852,0.042,-0.010,0.870,1.759,1.620,0.087,0.052,0.500,6.710,-0.476,0
1999,5,2.378,1.865,1.749,0.980,0.940,0.131,0.090,0.978,1.775,1.618,0.116,0.041,0.520,6.740,-0.246,0
1999,6,2.320,1.832,1.704,0.948,0.909,0.113,0.053,0.943,1.779,1.591,0.128,0.060,0.490,6.700,-0.215,0
1999,7,2.247,1.777,1.660,0.883,0.843,0.026,-0.032,0.873,1.809,1.634,0.117,0.058,0.460,6.700,-0.414,0
1999,8,2.269,1.880,1.786,1.012,0.964,0.141,0.067,0.974,1.813,1.645,0.094,0.074,0.510,6.770,-0.264,0
1999,9,2.356,2.003,1.906,1.144,1.098,0.289,0.234,1.119,1.769,1.617,0.097,0.055,0.630,6.830,-0.035,0
1999,10,2.126,1.971,1.879,1.123,1.079,0.278,0.221,1.096,1.750,1.601,0.092,0.057,0.550,6.770,-0.194,0
1999,11,2.322,1.829,1.726,0.955,0.915,0.104,0.055,0.942,1.774,1.622,0.103,0.049,0.520,6.710,-0.226,0
1999,12,2.224,1.785,1.666,0.902,0.862,0.058,0.005,0.895,1.780,1.608,0.119,0.053,0.530,6.760,-0.390,0
2000,1,2.236,1.712,1.598,0.830,0.797,-0.005,-0.064,0.824,1.776,1.603,0.114,0.059,0.470,6.670,-0.355,0
2000,2,2.040,1.628,1.546,0.771,0.737,-0.073,-0.136,0.746,1.764,1.619,0.082,0.063,0.380,6.610,-0.596,0
2000,3,2.385,1.729,1.630,0.877,0.840,0.049,0.007,0.868,1.722,1.581,0.099,0.042,0.450,6.700,-0.396,0
2000,4,1.997,1.714,1.619,0.856,0.817,0.014,-0.039,0.838,1.753,1.605,0.095,0.053,0.460,6.660,-0.504,0
2000,5,2.219,1.798,1.679,0.902,0.861,0.043,-0.014,0.892,1.812,1.636,0.119,0.057,0.450,6.660,-0.346,0
2000,6,2.251,1.790,1.658,0.874,0.837,0.015,-0.053,0.869,1.843,1.643,0.132,0.068,0.470,6.660,-0.383,0
2000,7,2.319,1.876,1.747,0.970,0.923,0.099,0.025,0.951,1.851,1.648,0.129,0.074,0.450,6.740,-0.421,0
2000,8,2.256,1.893,1.785,1.012,0.966,0.147,0.084,0.989,1.809,1.638,0.108,0.063,0.500,6.720,-0.307,0
2000,9,2.203,1.934,1.847,1.101,1.057,0.267,0.211,1.073,1.723,1.580,0.087,0.056,0.580,6.820,-0.263,0
2000,10,2.130,1.919,1.841,1.098,1.056,0.271,0.233,1.076,1.686,1.570,0.078,0.038,0.600,6.800,-0.005,0
2000,11,2.226,1.855,1.745,1.001,0.960,0.174,0.125,0.990,1.730,1.571,0.110,0.049,0.520,6.760,-0.244,0
2000,12,2.170,1.708,1.593,0.834,0.801,0.008,-0.072,0.818,1.780,1.585,0.115,0.080,0.500,6.710,-0.429,0
2001,1,2.137,1.622,1.508,0.738,0.705,-0.098,-0.164,0.729,1.786,1.606,0.114,0.066,0.410,6.550,-0.659,0
2001,2,1.912,1.633,1.535,0.743,0.712,-0.111,-0.173,0.730,1.806,1.646,0.098,0.062,0.430,6.650,-0.643,0
2001,3,2.118,1.717,1.629,0.867,0.829,0.029,-0.033,0.842,1.750,1.600,0.088,0.062,0.450,6.600,-0.413,0
2001,4,1.945,1.648,1.554,0.781,0.745,-0.065,-0.127,0.761,1.775,1.619,0.094,0.062,0.380,6.610,-0.461,0
2001,5,2.173,1.818,1.704,0.937,0.893,0.081,0.034,0.926,1.784,1.623,0.114,0.047,0.520,6.700,-0.216,0
2001,6,2.028,1.759,1.626,0.850,0.808,-0.010,-0.067,0.846,1.826,1.636,0.133,0.057,0.470,6.670,-0.298,0
2001,7,2.440,1.813,1.682,0.922,0.879,0.076,0.007,0.910,1.806,1.606,0.131,0.069,0.490,6.720,-0.291,0
2001,8,2.044,1.751,1.641,0.885,0.847,0.053,-0.008,0.872,1.759,1.588,0.110,0.061,0.450,6.690,-0.527,0
2001,9,2.400,1.888,1.801,1.065,1.024,0.247,0.212,1.050,1.676,1.554,0.087,0.035,0.530,6.730,-0.045,0
2001,10,2.188,1.861,1.783,1.050,1.008,0.233,0.196,1.029,1.665,1.550,0.078,0.037,0.550,6.770,-0.151,0
2001,11,2.224,1.831,1.725,0.979,0.940,0.155,0.119,0.975,1.712,1.570,0.106,0.036,0.560,6.790,-0.066,0
2001,12,2.040,1.776,1.653,0.893,0.852,0.051,-0.014,0.881,1.790,1.602,0.123,0.065,0.510,6.750,-0.358,0
2002,1,2.004,1.607,1.482,0.690,0.654,-0.174,-0.238,0.685,1.845,1.656,0.125,0.064,0.380,6.600,-0.552,0
2002,2,1.995,1.666,1.567,0.806,0.771,-0.026,-0.081,0.793,1.747,1.593,0.099,0.055,0.440,6.640,-0.566,0
2002,3,2.209,1.711,1.616,0.819,0.782,-0.052,-0.089,0.811,1.800,1.668,0.095,0.037,0.430,6.640,-0.471,0
2002,4,2.187,1.770,1.661,0.896,0.858,0.055,0.010,0.890,1.760,1.606,0.109,0.045,0.450,6.640,-0.363,0
2002,5,2.180,1.809,1.664,0.917,0.874,0.084,0.031,0.920,1.778,1.580,0.145,0.053,0.500,6.680,-0.294,0
2002,6,2.088,1.847,1.711,0.972,0.929,0.147,0.087,0.967,1.760,1.564,0.136,0.060,0.500,6.710,-0.183,0
2002,7,2.113,1.748,1.616,0.870,0.832,0.047,-0.022,0.863,1.770,1.569,0.132,0.069,0.430,6.670,-0.360,0
2002,8,2.363,1.873,1.752,1.027,0.981,0.209,0.151,1.012,1.722,1.543,0.121,0.058,0.490,6.660,-0.095,0
2002,9,2.204,1.916,1.809,1.084,1.041,0.273,0.222,1.069,1.694,1.536,0.107,0.051,0.480,6.710,-0.138,0
2002,10,2.290,1.942,1.842,1.116,1.073,0.304,0.248,1.095,1.694,1.538,0.100,0.056,0.520,6.740,-0.222,0
2002,11,2.226,1.755,1.644,0.895,0.855,0.066,0.013,0.884,1.742,1.578,0.111,0.053,0.470,6.700,-0.563,0
2002,12,2.247,1.726,1.591,0.817,0.782,-0.028,-0.096,0.815,1.822,1.619,0.135,0.068,0.510,6.750,-0.547,0
2003,1,2.125,1.602,1.482,0.719,0.685,-0.113,-0.178,0.712,1.780,1.595,0.120,0.065,0.420,6.680,-0.524,0
2003,2,1.924,1.587,1.489,0.738,0.706,-0.077,-0.148,0.720,1.735,1.566,0.098,0.071,0.320,6.600,-0.398,0
2003,3,2.198,1.801,1.697,0.948,0.909,0.121,0.064,0.933,1.737,1.576,0.104,0.057,0.370,6.600,-0.204,0
2003,4,2.314,1.824,1.723,0.971,0.931,0.138,0.082,0.953,1.742,1.585,0.101,0.056,0.310,6.520,-0.282,0
2003,5,2.260,1.796,1.663,0.920,0.882,0.100,0.057,0.927,1.739,1.563,0.133,0.043,0.330,6.540,-0.299,0
2003,6,2.035,1.764,1.613,0.866,0.825,0.036,-0.024,0.870,1.788,1.577,0.151,0.060,0.280,6.550,-0.387,0
2003,7,1.905,1.644,1.504,0.735,0.699,-0.106,-0.168,0.738,1.812,1.610,0.140,0.062,0.290,6.460,-0.490,0
2003,8,1.862,1.692,1.579,0.802,0.763,-0.054,-0.109,0.792,1.801,1.633,0.113,0.055,0.300,6.520,-0.401,0
2003,9,2.206,1.928,1.828,1.090,1.046,0.263,0.210,1.069,1.718,1.565,0.100,0.053,0.470,6.620,-0.143,0
2003,10,2.147,1.901,1.789,1.060,1.011,0.232,0.183,1.042,1.718,1.557,0.112,0.049,0.410,6.580,-0.220,0
2003,11,2.210,1.827,1.709,0.979,0.936,0.163,0.122,0.975,1.705,1.546,0.118,0.041,0.420,6.660,-0.433,0
2003,12,2.051,1.695,1.580,0.845,0.805,0.029,-0.037,0.829,1.732,1.551,0.115,0.066,0.380,6.580,-0.393,0
2004,1,2.033,1.634,1.516,0.788,0.754,-0.008,-0.077,0.779,1.711,1.524,0.118,0.069,0.330,6.560,-0.463,0
2004,2,1.977,1.694,1.591,0.849,0.815,0.038,-0.038,0.828,1.732,1.553,0.103,0.076,0.340,6.610,-0.481,0
2004,3,1.965,1.638,1.527,0.800,0.768,0.009,-0.038,0.800,1.676,1.518,0.111,0.047,0.320,6.460,-0.584,0
2004,4,1.984,1.607,1.499,0.762,0.731,-0.038,-0.073,0.767,1.680,1.537,0.108,0.035,0.270,6.400,-0.358,0
2004,5,2.045,1.685,1.554,0.796,0.759,-0.036,-0.083,0.801,1.768,1.590,0.131,0.047,0.320,6.510,-0.393,0
2004,6,2.068,1.767,1.610,0.855,0.814,0.017,-0.044,0.862,1.811,1.593,0.157,0.061,0.340,6.580,-0.348,0
2004,7,2.087,1.779,1.633,0.879,0.834,0.034,-0.023,0.878,1.802,1.599,0.146,0.057,0.310,6.540,-0.342,0
2004,8,2.197,1.774,1.657,0.897,0.861,0.065,-0.006,0.884,1.780,1.592,0.117,0.071,0.410,6.600,-0.385,0
2004,9,2.194,1.859,1.755,1.032,0.989,0.222,0.155,1.007,1.704,1.533,0.104,0.067,0.520,6.740,-0.298,0
2004,10,2.123,1.901,1.804,1.086,1.043,0.282,0.247,1.074,1.654,1.522,0.097,0.035,0.390,6.610,-0.146,0
2004,11,2.124,1.782,1.654,0.942,0.904,0.153,0.099,0.941,1.683,1.501,0.128,0.054,0.400,6.580,-0.209,0
2004,12,1.966,1.653,1.514,0.785,0.750,-0.015,-0.070,0.792,1.723,1.529,0.139,0.055,0.320,6.540,-0.674,0
2005,1,2.125,1.739,1.629,0.902,0.863,0.096,0.032,0.886,1.707,1.533,0.110,0.064,0.340,6.560,-0.380,0
2005,2,2.314,1.790,1.678,0.935,0.891,0.104,0.040,0.915,1.750,1.574,0.112,0.064,0.400,6.590,-0.337,0
2005,3,2.083,1.664,1.560,0.812,0.774,-0.012,-0.075,0.795,1.739,1.572,0.104,0.063,0.270,6.490,-0.718,0
2005,4,2.101,1.753,1.638,0.896,0.855,0.071,0.018,0.886,1.735,1.567,0.115,0.053,0.290,6.480,-0.351,0
2005,5,2.228,1.839,1.712,0.972,0.930,0.148,0.102,0.970,1.738,1.564,0.127,0.046,0.360,6.560,-0.192,0
2005,6,2.152,1.832,1.705,0.966,0.922,0.139,0.086,0.959,1.746,1.566,0.127,0.053,0.370,6.590,-0.283,0
2005,7,2.076,1.766,1.622,0.881,0.839,0.055,-0.006,0.880,1.772,1.567,0.144,0.061,0.330,6.550,-0.405,0
2005,8,2.181,1.849,1.729,1.010,0.969,0.208,0.151,1.000,1.698,1.521,0.120,0.057,0.330,6.590,-0.221,0
2005,9,2.202,1.955,1.851,1.142,1.100,0.349,0.306,1.131,1.649,1.502,0.104,0.043,0.500,6.710,-0.150,0
2005,10,2.249,1.913,1.828,1.122,1.084,0.340,0.302,1.108,1.611,1.488,0.085,0.038,0.480,6.710,-0.081,0
2005,11,1.937,1.724,1.602,0.885,0.848,0.093,0.035,0.880,1.689,1.509,0.122,0.058,0.380,6.620,-0.366,0
2005,12,2.025,1.677,1.551,0.798,0.764,-0.024,-0.099,0.789,1.776,1.575,0.126,0.075,0.320,6.610,-0.429,0
2006,1,2.026,1.683,1.566,0.803,0.763,-0.041,-0.098,0.793,1.781,1.607,0.117,0.057,0.260,6.510,-0.391,0
2006,2,2.023,1.616,1.508,0.780,0.741,-0.027,-0.088,0.764,1.704,1.535,0.108,0.061,0.310,6.500,-0.465,0
2006,3,2.045,1.706,1.608,0.843,0.804,0.000,-0.043,0.832,1.749,1.608,0.098,0.043,0.280,6.490,-0.476,0
2006,4,2.204,1.695,1.578,0.834,0.799,0.019,-0.021,0.837,1.716,1.559,0.117,0.040,0.320,6.510,-0.371,0
2006,5,2.025,1.825,1.684,0.955,0.911,0.138,0.099,0.962,1.726,1.546,0.141,0.039,0.320,6.550,-0.304,0
2006,6,2.056,1.768,1.615,0.888,0.847,0.079,0.016,0.892,1.752,1.536,0.153,0.063,0.330,6.500,-0.252,0
2006,7,1.905,1.687,1.548,0.819,0.783,0.018,-0.039,0.824,1.726,1.530,0.139,0.057,0.310,6.550,-0.319,0
2006,8,2.136,1.787,1.657,0.938,0.894,0.130,0.079,0.933,1.708,1.527,0.130,0.051,0.330,6.540,-0.325,0
2006,9,2.282,1.898,1.782,1.066,1.028,0.274,0.221,1.060,1.676,1.508,0.116,0.052,0.430,6.600,-0.028,0
2006,10,2.373,1.840,1.723,1.008,0.969,0.215,0.163,1.002,1.677,1.508,0.117,0.052,0.380,6.590,-0.103,0
2006,11,2.290,1.827,1.708,0.966,0.922,0.136,0.091,0.959,1.736,1.572,0.119,0.045,0.420,6.660,-0.167,0
2006,12,2.144,1.784,1.631,0.874,0.836,0.041,-0.028,0.878,1.812,1.590,0.153,0.069,0.440,6.610,-0.420,0
2007,1,2.061,1.695,1.555,0.811,0.774,-0.008,-0.094,0.801,1.789,1.563,0.140,0.086,0.370,6.620,-0.522,0
2007,2,2.002,1.624,1.525,0.787,0.751,-0.024,-0.084,0.770,1.708,1.549,0.099,0.060,0.230,6.420,-0.513,0
2007,3,1.930,1.664,1.554,0.807,0.771,-0.011,-0.071,0.796,1.735,1.565,0.110,0.060,0.280,6.480,-0.556,0
2007,4,2.342,1.720,1.601,0.867,0.825,0.048,-0.019,0.851,1.739,1.553,0.119,0.067,0.350,6.510,-0.803,0
2007,5,2.257,1.867,1.715,0.992,0.952,0.189,0.132,1.000,1.735,1.526,0.152,0.057,0.450,6.620,-0.332,0
2007,6,2.374,1.879,1.722,0.995,0.953,0.184,0.114,0.996,1.765,1.538,0.157,0.070,0.350,6.560,-0.050,0
2007,7,2.147,1.829,1.693,0.956,0.916,0.139,0.076,0.953,1.753,1.554,0.136,0.063,0.320,6.510,-0.200,0
2007,8,2.091,1.796,1.693,0.938,0.897,0.101,0.043,0.920,1.753,1.592,0.103,0.058,0.300,6.490,-0.261,0
2007,9,2.230,1.927,1.827,1.104,1.058,0.289,0.217,1.072,1.710,1.538,0.100,0.072,0.400,6.620,-0.139,0
2007,10,2.307,1.924,1.814,1.095,1.052,0.290,0.238,1.081,1.686,1.524,0.110,0.052,0.400,6.560,-0.243,0
2007,11,2.302,1.800,1.680,0.946,0.907,0.134,0.079,0.940,1.721,1.546,0.120,0.054,0.400,6.560,-0.420,0
2007,12,2.214,1.698,1.580,0.846,0.809,0.038,-0.023,0.838,1.721,1.542,0.118,0.061,0.440,6.620,-0.364,0
2008,1,1.992,1.618,1.486,0.758,0.728,-0.030,-0.097,0.761,1.715,1.516,0.132,0.067,0.380,6.590,-0.408,0
2008,2,1.866,1.580,1.471,0.733,0.704,-0.064,-0.122,0.729,1.702,1.535,0.109,0.058,0.330,6.570,-0.507,0
2008,3,1.792,1.576,1.465,0.746,0.718,-0.029,-0.080,0.748,1.656,1.494,0.111,0.051,0.270,6.540,-0.832,0
2008,4,2.261,1.779,1.666,0.934,0.896,0.126,0.081,0.930,1.698,1.540,0.113,0.045,0.340,6.570,-0.359,0
2008,5,2.298,1.828,1.687,0.948,0.905,0.123,0.056,0.942,1.772,1.564,0.141,0.067,0.340,6.570,-0.250,0
2008,6,2.109,1.725,1.563,0.811,0.774,-0.015,-0.088,0.819,1.813,1.578,0.162,0.073,0.340,6.590,-0.482,0
2008,7,2.090,1.790,1.638,0.886,0.845,0.052,-0.022,0.884,1.812,1.586,0.152,0.074,0.330,6.560,-0.350,0
2008,8,2.121,1.906,1.786,1.039,0.995,0.203,0.141,1.024,1.765,1.583,0.120,0.062,0.360,6.620,-0.247,0
2008,9,2.265,1.971,1.876,1.157,1.114,0.351,0.309,1.140,1.662,1.525,0.095,0.042,0.530,6.740,0.084,0
2008,10,2.417,1.937,1.833,1.116,1.073,0.312,0.259,1.098,1.678,1.521,0.104,0.053,0.500,6.710,-0.113,0
2008,11,2.246,1.831,1.708,0.983,0.943,0.178,0.123,0.977,1.708,1.530,0.123,0.055,0.420,6.600,-0.376,0
2008,12,2.147,1.617,1.492,0.750,0.716,-0.060,-0.125,0.746,1.742,1.552,0.125,0.065,0.370,6.550,-0.562,0
2009,1,1.982,1.570,1.448,0.693,0.665,-0.118,-0.201,0.685,1.771,1.566,0.122,0.083,0.290,6.460,-0.792,0
2009,2,1.825,1.541,1.447,0.679,0.647,-0.153,-0.209,0.666,1.750,1.600,0.094,0.056,0.310,6.520,-0.640,0
2009,3,2.008,1.690,1.596,0.844,0.805,0.013,-0.047,0.822,1.737,1.583,0.094,0.060,0.300,6.490,-0.506,0
2009,4,1.985,1.714,1.587,0.826,0.787,-0.013,-0.079,0.818,1.793,1.600,0.127,0.066,0.300,6.450,-0.540,0
2009,5,2.108,1.793,1.668,0.912,0.870,0.071,0.016,0.905,1.777,1.597,0.125,0.055,0.340,6.550,-0.245,0
2009,6,2.471,1.918,1.781,1.029,0.980,0.178,0.115,1.017,1.803,1.603,0.137,0.063,0.380,6.570,-0.064,0
2009,7,2.176,1.809,1.675,0.924,0.883,0.091,0.026,0.918,1.783,1.584,0.134,0.065,0.370,6.630,-0.329,0
2009,8,2.158,1.753,1.642,0.894,0.859,0.076,0.019,0.886,1.734,1.566,0.111,0.057,0.360,6.550,-0.249,0
2009,9,2.326,2.021,1.929,1.225,1.182,0.435,0.387,1.204,1.634,1.494,0.092,0.048,0.450,6.670,0.183,0
2009,10,2.220,1.895,1.806,1.097,1.052,0.297,0.257,1.076,1.638,1.509,0.089,0.040,0.410,6.650,0.042,0
2009,11,2.338,1.981,1.871,1.152,1.103,0.335,0.285,1.133,1.696,1.536,0.110,0.050,0.440,6.710,-0.019,0
2009,12,2.355,1.919,1.785,1.039,1.000,0.214,0.119,1.019,1.800,1.571,0.134,0.095,0.460,6.640,-0.332,0
2010,1,2.436,1.762,1.645,0.869,0.827,0.008,-0.062,0.850,1.824,1.637,0.117,0.070,0.350,6.560,-0.397,0
2010,2,2.033,1.724,1.634,0.894,0.851,0.068,0.004,0.864,1.720,1.566,0.090,0.064,0.310,6.520,-0.463,0
2010,3,2.126,1.820,1.712,0.939,0.895,0.078,0.029,0.925,1.791,1.634,0.108,0.049,0.350,6.540,-0.364,0
2010,4,2.024,1.712,1.589,0.829,0.784,-0.021,-0.057,0.828,1.769,1.610,0.123,0.036,0.360,6.570,-0.531,0
2010,5,2.180,1.755,1.609,0.860,0.819,0.028,-0.016,0.870,1.771,1.581,0.146,0.044,0.320,6.560,-0.289,0
2010,6,2.052,1.733,1.587,0.841,0.799,0.011,-0.047,0.843,1.780,1.576,0.146,0.058,0.340,6.530,-0.261,0
2010,7,2.116,1.741,1.618,0.872,0.832,0.046,-0.029,0.856,1.770,1.572,0.123,0.075,0.310,6.550,-0.315,0
2010,8,2.272,1.857,1.748,1.008,0.962,0.175,0.114,0.986,1.743,1.573,0.109,0.061,0.380,6.560,-0.221,0
2010,9,2.206,1.914,1.813,1.074,1.027,0.241,0.190,1.052,1.724,1.572,0.101,0.051,0.430,6.640,-0.192,0
2010,10,2.311,1.874,1.771,1.034,0.989,0.207,0.168,1.021,1.706,1.564,0.103,0.039,0.410,6.620,-0.018,0
2010,11,2.151,1.863,1.746,0.994,0.949,0.152,0.094,0.979,1.769,1.594,0.117,0.058,0.420,6.610,-0.283,0
2010,12,2.044,1.730,1.587,0.817,0.778,-0.032,-0.109,0.811,1.839,1.619,0.143,0.077,0.420,6.660,-0.467,0
2011,1,2.066,1.668,1.546,0.768,0.736,-0.074,-0.146,0.761,1.814,1.620,0.122,0.072,0.340,6.620,-0.544,0
2011,2,1.992,1.670,1.556,0.791,0.755,-0.047,-0.122,0.774,1.792,1.603,0.114,0.075,0.270,6.470,-0.558,0
2011,3,2.110,1.736,1.642,0.885,0.849,0.055,-0.008,0.864,1.744,1.587,0.094,0.063,0.380,6.590,-0.462,0
2011,4,2.075,1.677,1.560,0.800,0.760,-0.040,-0.098,0.790,1.775,1.600,0.117,0.058,0.310,6.500,-0.395,0
2011,5,2.186,1.798,1.665,0.916,0.873,0.081,0.029,0.914,1.769,1.584,0.133,0.052,0.350,6.590,-0.257,0
2011,6,2.223,1.799,1.655,0.901,0.856,0.057,-0.007,0.896,1.806,1.598,0.144,0.064,0.340,6.570,-0.209,0
2011,7,2.203,1.824,1.699,0.940,0.893,0.087,0.010,0.917,1.814,1.612,0.125,0.077,0.300,6.520,-0.265,0
2011,8,2.334,1.914,1.822,1.055,1.003,0.183,0.122,1.018,1.792,1.639,0.092,0.061,0.340,6.590,-0.202,0
2011,9,2.100,1.885,1.814,1.062,1.010,0.205,0.156,1.021,1.729,1.609,0.071,0.049,0.430,6.610,-0.177,0
2011,10,2.181,1.904,1.798,1.044,0.997,0.196,0.157,1.031,1.747,1.602,0.106,0.039,0.490,6.630,-0.287,0
2011,11,2.148,1.846,1.734,0.975,0.929,0.123,0.068,0.957,1.778,1.611,0.112,0.055,0.400,6.660,-0.574,0
2011,12,2.221,1.758,1.641,0.882,0.846,0.050,-0.013,0.873,1.771,1.591,0.117,0.063,0.410,6.590,-0.433,0
2012,1,2.057,1.599,1.499,0.746,0.710,-0.080,-0.156,0.721,1.755,1.579,0.100,0.077,0.320,6.540,-0.550,0
2012,2,2.039,1.710,1.620,0.859,0.825,0.029,-0.034,0.838,1.744,1.591,0.090,0.063,0.370,6.560,-0.306,0
2012,3,2.124,1.677,1.586,0.837,0.796,0.005,-0.040,0.819,1.717,1.581,0.091,0.045,0.290,6.550,-0.405,0
2012,4,2.342,1.818,1.717,0.963,0.916,0.114,0.067,0.943,1.751,1.603,0.101,0.047,0.360,6.550,-0.330,0
2012,5,2.432,1.890,1.779,1.014,0.965,0.151,0.092,0.991,1.798,1.628,0.111,0.059,0.440,6.590,-0.340,0
2012,6,2.397,1.987,1.861,1.103,1.051,0.240,0.171,1.079,1.816,1.621,0.126,0.069,0.440,6.670,-0.260,0
2012,7,2.152,1.816,1.686,0.907,0.859,0.031,-0.031,0.893,1.847,1.655,0.130,0.062,0.370,6.590,-0.257,0
2012,8,2.121,1.856,1.759,0.993,0.939,0.118,0.064,0.960,1.792,1.641,0.097,0.054,0.430,6.620,-0.098,0
2012,9,2.089,1.855,1.773,1.020,0.972,0.170,0.118,0.987,1.737,1.603,0.082,0.052,0.460,6.670,-0.146,0
2012,10,2.231,1.881,1.796,1.059,1.014,0.231,0.191,1.036,1.690,1.565,0.085,0.040,0.520,6.710,-0.207,0
2012,11,2.406,1.973,1.866,1.120,1.071,0.277,0.233,1.103,1.741,1.589,0.108,0.044,0.430,6.660,-0.247,0
2012,12,2.399,1.812,1.688,0.928,0.889,0.090,0.016,0.914,1.796,1.598,0.125,0.074,0.340,6.570,-0.276,0
2013,1,2.107,1.740,1.645,0.880,0.837,0.030,-0.024,0.858,1.764,1.615,0.095,0.053,0.280,6.520,-0.342,0
2013,2,2.122,1.676,1.592,0.832,0.789,-0.014,-0.074,0.801,1.750,1.606,0.084,0.060,0.340,6.550,-0.383,0
2013,3,2.145,1.753,1.680,0.902,0.857,0.033,-0.019,0.867,1.772,1.647,0.073,0.052,0.290,6.460,-0.460,0
2013,4,2.176,1.819,1.720,0.947,0.901,0.081,0.022,0.921,1.797,1.639,0.099,0.059,0.330,6.560,-0.222,0
2013,5,2.229,1.862,1.755,0.985,0.936,0.116,0.074,0.968,1.788,1.639,0.107,0.042,0.370,6.610,-0.300,0
2013,6,2.257,1.777,1.664,0.889,0.840,0.016,-0.053,0.862,1.830,1.648,0.113,0.069,0.320,6.570,-0.321,0
2013,7,2.120,1.797,1.689,0.920,0.872,0.054,0.006,0.902,1.791,1.635,0.108,0.048,0.320,6.530,-0.440,0
2013,8,2.240,1.867,1.779,1.027,0.981,0.182,0.116,0.991,1.750,1.597,0.087,0.066,0.370,6.600,-0.146,0
2013,9,2.181,1.905,1.831,1.092,1.045,0.259,0.217,1.061,1.688,1.572,0.074,0.042,0.410,6.600,-0.041,0
2013,10,2.274,1.942,1.874,1.132,1.087,0.300,0.265,1.103,1.677,1.574,0.067,0.035,0.430,6.680,0.051,0
2013,11,2.241,1.879,1.778,1.021,0.978,0.177,0.129,1.004,1.750,1.601,0.101,0.048,0.440,6.660,-0.181,0
2013,12,2.213,1.804,1.696,0.912,0.869,0.042,-0.006,0.899,1.811,1.655,0.108,0.048,0.340,6.620,-0.326,0
2014,1,2.188,1.779,1.673,0.865,0.827,-0.019,-0.096,0.841,1.875,1.692,0.106,0.077,0.340,6.600,-0.703,0
2014,2,2.216,1.812,1.725,0.955,0.908,0.091,0.036,0.924,1.776,1.634,0.086,0.056,0.300,6.550,-0.360,0
2014,3,2.277,1.859,1.780,0.976,0.934,0.088,0.027,0.943,1.831,1.692,0.079,0.061,0.360,6.620,-0.472,0
2014,4,2.300,1.884,1.781,1.013,0.966,0.150,0.108,0.996,1.776,1.631,0.103,0.042,0.300,6.560,-0.174,0
2014,5,2.155,1.864,1.747,0.977,0.926,0.106,0.057,0.961,1.807,1.641,0.118,0.049,0.320,6.560,-0.281,0
2014,6,2.166,1.893,1.764,1.004,0.955,0.147,0.097,0.995,1.796,1.617,0.129,0.050,0.350,6.580,-0.200,0
2014,7,2.213,1.874,1.761,1.004,0.959,0.156,0.101,0.988,1.773,1.606,0.113,0.054,0.350,6.560,-0.240,0
2014,8,2.310,1.951,1.862,1.108,1.057,0.252,0.203,1.077,1.748,1.611,0.088,0.049,0.390,6.600,-0.239,0
2014,9,2.238,2.033,1.950,1.201,1.149,0.349,0.309,1.171,1.724,1.601,0.083,0.040,0.430,6.690,-0.139,0
2014,10,2.219,1.920,1.837,1.082,1.028,0.218,0.184,1.052,1.736,1.619,0.083,0.034,0.400,6.620,-0.227,0
2014,11,2.070,1.879,1.787,1.028,0.977,0.166,0.110,0.995,1.769,1.621,0.092,0.056,0.440,6.650,-0.343,0
2014,12,2.288,1.908,1.802,1.024,0.983,0.163,0.104,1.006,1.804,1.639,0.106,0.059,0.440,6.680,-0.206,0
2015,1,2.242,1.847,1.730,0.961,0.917,0.104,0.027,0.937,1.820,1.626,0.117,0.077,0.380,6.610,-0.367,0
2015,2,2.163,1.820,1.730,0.963,0.913,0.095,0.007,0.914,1.813,1.635,0.090,0.088,0.320,6.540,-0.538,0
2015,3,2.251,1.775,1.695,0.928,0.886,0.076,0.026,0.901,1.749,1.619,0.080,0.050,0.340,6.560,-0.233,0
2015,4,2.182,1.807,1.717,0.950,0.903,0.089,0.035,0.921,1.772,1.628,0.090,0.054,0.320,6.570,-0.295,0
2015,5,2.160,1.873,1.758,0.998,0.953,0.148,0.089,0.981,1.784,1.610,0.115,0.059,0.390,6.620,-0.298,0
2015,6,2.061,1.808,1.673,0.901,0.856,0.039,-0.016,0.896,1.824,1.634,0.135,0.055,0.420,6.610,-0.377,0
2015,7,2.241,1.889,1.766,0.988,0.941,0.116,0.041,0.965,1.848,1.650,0.123,0.075,0.410,6.610,-0.339,0
2015,8,2.243,1.912,1.823,1.042,0.990,0.157,0.095,1.004,1.817,1.666,0.089,0.062,0.380,6.570,-0.174,0
2015,9,2.455,1.955,1.897,1.129,1.080,0.264,0.218,1.087,1.737,1.633,0.058,0.045,0.410,6.610,-0.207,0
2015,10,2.637,2.146,2.064,1.300,1.251,0.437,0.389,1.268,1.757,1.627,0.082,0.048,0.550,6.720,-0.047,0
2015,11,2.260,1.984,1.896,1.139,1.093,0.289,0.248,1.116,1.736,1.607,0.088,0.041,0.490,6.680,-0.109,0
2015,12,2.094,1.924,1.827,1.069,1.018,0.210,0.160,1.042,1.765,1.617,0.098,0.050,0.510,6.720,-0.199,0
2016,1,2.196,1.867,1.760,1.005,0.964,0.167,0.089,0.978,1.778,1.593,0.107,0.078,0.430,6.670,-0.283,0
2016,2,2.232,1.783,1.703,0.935,0.888,0.073,0.016,0.900,1.767,1.630,0.080,0.057,0.430,6.610,-0.472,0
2016,3,2.079,1.785,1.716,0.955,0.909,0.102,0.050,0.918,1.735,1.614,0.069,0.052,0.350,6.530,-0.409,0
2016,4,2.127,1.888,1.793,1.028,0.980,0.166,0.124,1.006,1.764,1.627,0.095,0.042,0.360,6.580,-0.421,0
2016,5,2.327,1.899,1.793,1.019,0.969,0.145,0.104,1.002,1.795,1.648,0.106,0.041,0.380,6.590,-0.199,0
2016,6,2.297,1.997,1.873,1.093,1.042,0.210,0.142,1.070,1.855,1.663,0.124,0.068,0.450,6.660,-0.151,0
2016,7,2.202,1.831,1.708,0.913,0.863,0.018,-0.060,0.885,1.891,1.690,0.123,0.078,0.410,6.640,-0.275,0
2016,8,2.123,1.869,1.774,1.001,0.950,0.125,0.071,0.970,1.798,1.649,0.095,0.054,0.410,6.630,-0.247,0
2016,9,2.229,1.909,1.825,1.074,1.029,0.233,0.180,1.045,1.729,1.592,0.084,0.053,0.440,6.690,-0.211,0
2016,10,2.827,2.100,1.997,1.244,1.191,0.384,0.325,1.213,1.775,1.613,0.103,0.059,0.610,6.780,0.032,0
2016,11,2.412,1.985,1.886,1.130,1.082,0.278,0.235,1.110,1.750,1.608,0.099,0.043,0.500,6.680,-0.113,0
2016,12,2.301,1.889,1.775,1.003,0.959,0.143,0.084,0.987,1.805,1.632,0.114,0.059,0.410,6.670,-0.344,0
2017,1,2.142,1.756,1.645,0.862,0.818,-0.010,-0.077,0.840,1.833,1.655,0.111,0.067,0.360,6.570,-0.413,0
2017,2,1.940,1.725,1.645,0.865,0.821,-0.003,-0.051,0.837,1.776,1.648,0.080,0.048,0.340,6.560,-0.518,0
2017,3,2.265,1.729,1.652,0.862,0.820,-0.012,-0.060,0.835,1.789,1.664,0.077,0.048,0.370,6.530,-0.399,0
2017,4,2.287,1.901,1.789,0.996,0.948,0.107,0.062,0.982,1.839,1.682,0.112,0.045,0.300,6.560,-0.307,0
2017,5,2.182,1.856,1.731,0.939,0.887,0.043,-0.019,0.918,1.875,1.688,0.125,0.062,0.310,6.560,-0.500,0
2017,6,2.200,1.889,1.771,1.002,0.952,0.133,0.066,0.978,1.823,1.638,0.118,0.067,0.390,6.560,-0.404,0
2017,7,2.207,1.833,1.715,0.950,0.902,0.088,0.023,0.928,1.810,1.627,0.118,0.065,0.420,6.590,-0.283,0
2017,8,2.166,1.924,1.822,1.078,1.030,0.237,0.181,1.052,1.743,1.585,0.102,0.056,0.420,6.670,-0.207,0
2017,9,3.003,2.091,2.000,1.252,1.205,0.410,0.357,1.224,1.734,1.590,0.091,0.053,0.570,6.740,0.016,0
2017,10,2.221,1.957,1.879,1.142,1.099,0.318,0.283,1.120,1.674,1.561,0.078,0.035,0.470,6.710,0.017,0
2017,11,2.315,1.925,1.835,1.067,1.033,0.230,0.186,1.056,1.739,1.605,0.090,0.044,0.430,6.620,-0.137,0
2017,12,2.382,1.844,1.727,0.934,0.895,0.064,0.003,0.924,1.841,1.663,0.117,0.061,0.430,6.660,-0.388,0
2018,1,2.360,1.763,1.640,0.839,0.798,-0.045,-0.101,0.831,1.864,1.685,0.123,0.056,0.330,6.580,-0.351,0
